date,year,month,day,adj_close
2005-01-03,2005,01,03,4.186585
2005-01-04,2005,01,04,4.229582
2005-01-05,2005,01,05,4.266626
2005-01-06,2005,01,06,4.269933
2005-01-07,2005,01,07,4.580835
2005-01-10,2005,01,10,4.561651
2005-01-11,2005,01,11,4.270595
2005-01-12,2005,01,12,4.330129
2005-01-13,2005,01,13,4.617217
2005-01-14,2005,01,14,4.643676
2005-01-18,2005,01,18,4.673444
2005-01-19,2005,01,19,4.622508
2005-01-20,2005,01,20,4.660875
2005-01-21,2005,01,21,4.662859
2005-01-24,2005,01,24,4.68072
2005-01-25,2005,01,25,4.766052
2005-01-26,2005,01,26,4.779282
2005-01-27,2005,01,27,4.80508
2005-01-28,2005,01,28,4.89372
2005-01-31,2005,01,31,5.086876
2005-02-01,2005,02,01,5.12855
2005-02-02,2005,02,02,5.267464
2005-02-03,2005,02,03,5.147072
2005-02-04,2005,02,04,5.215206
2005-02-07,2005,02,07,5.22182
2005-02-08,2005,02,08,5.351473
2005-02-09,2005,02,09,5.208591
2005-02-10,2005,02,10,5.183454
2005-02-11,2005,02,11,5.37198
2005-02-14,2005,02,14,5.59821
2005-02-15,2005,02,15,5.848254
2005-02-16,2005,02,16,5.962031
2005-02-17,2005,02,17,5.808564
2005-02-18,2005,02,18,5.742415
2005-02-22,2005,02,22,5.641868
2005-02-23,2005,02,23,5.836347
2005-02-24,2005,02,24,5.882651
2005-02-25,2005,02,25,5.88662
2005-02-28,2005,02,28,5.934909
2005-03-01,2005,03,01,5.887282
2005-03-02,2005,03,02,5.837008
2005-03-03,2005,03,03,5.528753
2005-03-04,2005,03,04,5.663697
2005-03-07,2005,03,07,5.65576
2005-03-08,2005,03,08,5.362057
2005-03-09,2005,03,09,5.205945
2005-03-10,2005,03,10,5.269448
2005-03-11,2005,03,11,5.327659
2005-03-14,2005,03,14,5.334275
2005-03-15,2005,03,15,5.418945
2005-03-16,2005,03,16,5.448051
2005-03-17,2005,03,17,5.58961
2005-03-18,2005,03,18,5.683542
2005-03-21,2005,03,21,5.781443
2005-03-22,2005,03,22,5.666343
2005-03-23,2005,03,23,5.6293
2005-03-24,2005,03,24,5.622685
2005-03-28,2005,03,28,5.626654
2005-03-29,2005,03,29,5.523461
2005-03-30,2005,03,30,5.662375
2005-03-31,2005,03,31,5.512877
2005-04-01,2005,04,01,5.409685
2005-04-04,2005,04,04,5.436144
2005-04-05,2005,04,05,5.541983
2005-04-06,2005,04,06,5.600194
2005-04-07,2005,04,07,5.762921
2005-04-08,2005,04,08,5.786735
2005-04-11,2005,04,11,5.545952
2005-04-12,2005,04,12,5.643853
2005-04-13,2005,04,13,5.429529
2005-04-14,2005,04,14,4.929441
2005-04-15,2005,04,15,4.676751
2005-04-18,2005,04,18,4.712472
2005-04-19,2005,04,19,4.90695
2005-04-20,2005,04,20,4.697919
2005-04-21,2005,04,21,4.918857
2005-04-22,2005,04,22,4.696596
2005-04-25,2005,04,25,4.892397
2005-04-26,2005,04,26,4.787882
2005-04-27,2005,04,27,4.75613
2005-04-28,2005,04,28,4.701887
2005-04-29,2005,04,29,4.770683
2005-05-02,2005,05,02,4.819633
2005-05-03,2005,05,03,4.790528
2005-05-04,2005,05,04,4.914888
2005-05-05,2005,05,05,4.852708
2005-05-06,2005,05,06,4.926795
2005-05-09,2005,05,09,4.891074
2005-05-10,2005,05,10,4.81831
2005-05-11,2005,05,11,4.711149
2005-05-12,2005,05,12,4.515347
2005-05-13,2005,05,13,4.600018
2005-05-16,2005,05,16,4.70321
2005-05-17,2005,05,17,4.678074
2005-05-18,2005,05,18,4.741577
2005-05-19,2005,05,19,4.967808
2005-05-20,2005,05,20,4.967808
2005-05-23,2005,05,23,5.260187
2005-05-24,2005,05,24,5.252249
2005-05-25,2005,05,25,5.262833
2005-05-26,2005,05,26,5.38984
2005-05-27,2005,05,27,5.366026
2005-05-31,2005,05,31,5.260187
2005-06-01,2005,06,01,5.331628
2005-06-02,2005,06,02,5.297231
2005-06-03,2005,06,03,5.059094
2005-06-06,2005,06,06,5.016758
2005-06-07,2005,06,07,4.834186
2005-06-08,2005,06,08,4.88446
2005-06-09,2005,06,09,4.981037
2005-06-10,2005,06,10,4.737608
2005-06-13,2005,06,13,4.749515
2005-06-14,2005,06,14,4.762745
2005-06-15,2005,06,15,4.912242
2005-06-16,2005,06,16,5.024696
2005-06-17,2005,06,17,5.068354
2005-06-20,2005,06,20,4.975745
2005-06-21,2005,06,21,5.00882
2005-06-22,2005,06,22,5.100106
2005-06-23,2005,06,23,5.145087
2005-06-24,2005,06,24,4.99559
2005-06-27,2005,06,27,4.908273
2005-06-28,2005,06,28,4.936056
2005-06-29,2005,06,29,4.811696
2005-06-30,2005,06,30,4.869907
2005-07-01,2005,07,01,4.828894
2005-07-05,2005,07,05,5.024696
2005-07-06,2005,07,06,4.94664
2005-07-07,2005,07,07,4.978391
2005-07-08,2005,07,08,5.060417
2005-07-11,2005,07,11,5.040572
2005-07-12,2005,07,12,5.059094
2005-07-13,2005,07,13,5.073646
2005-07-14,2005,07,14,5.391163
2005-07-15,2005,07,15,5.497001
2005-07-18,2005,07,18,5.489063
2005-07-19,2005,07,19,5.713971
2005-07-20,2005,07,20,5.772182
2005-07-21,2005,07,21,5.727201
2005-07-22,2005,07,22,5.821133
2005-07-25,2005,07,25,5.795996
2005-07-26,2005,07,26,5.772182
2005-07-27,2005,07,27,5.81981
2005-07-28,2005,07,28,5.794673
2005-07-29,2005,07,29,5.64253
2005-08-01,2005,08,01,5.65576
2005-08-02,2005,08,02,5.713971
2005-08-03,2005,08,03,5.71794
2005-08-04,2005,08,04,5.650468
2005-08-05,2005,08,05,5.687511
2005-08-08,2005,08,08,5.64253
2005-08-09,2005,08,09,5.797319
2005-08-10,2005,08,10,5.739108
2005-08-11,2005,08,11,5.821133
2005-08-12,2005,08,12,6.098959
2005-08-15,2005,08,15,6.307991
2005-08-16,2005,08,16,6.118804
2005-08-17,2005,08,17,6.237873
2005-08-18,2005,08,18,6.125419
2005-08-19,2005,08,19,6.063239
2005-08-22,2005,08,22,6.068531
2005-08-23,2005,08,23,6.051332
2005-08-24,2005,08,24,6.055301
2005-08-25,2005,08,25,6.093667
2005-08-26,2005,08,26,6.051332
2005-08-29,2005,08,29,6.064562
2005-08-30,2005,08,30,6.16114
2005-08-31,2005,08,31,6.203475
2005-09-01,2005,09,01,6.120127
2005-09-02,2005,09,02,6.114835
2005-09-06,2005,09,06,6.456165
2005-09-07,2005,09,07,6.440289
2005-09-08,2005,09,08,6.585818
2005-09-09,2005,09,09,6.788234
2005-09-12,2005,09,12,6.800142
2005-09-13,2005,09,13,6.723408
2005-09-14,2005,09,14,6.563327
2005-09-15,2005,09,15,6.597725
2005-09-16,2005,09,16,6.775005
2005-09-19,2005,09,19,6.964191
2005-09-20,2005,09,20,7.036955
2005-09-21,2005,09,21,6.894073
2005-09-22,2005,09,22,6.866291
2005-09-23,2005,09,23,7.038278
2005-09-26,2005,09,26,7.12295
2005-09-27,2005,09,27,7.07003
2005-09-28,2005,09,28,6.757806
2005-09-29,2005,09,29,6.924502
2005-09-30,2005,09,30,7.092521
2005-10-03,2005,10,03,7.202329
2005-10-04,2005,10,04,7.111043
2005-10-05,2005,10,05,6.982713
2005-10-06,2005,10,06,6.839831
2005-10-07,2005,10,07,6.786911
2005-10-10,2005,10,10,6.663874
2005-10-11,2005,10,11,6.825278
2005-10-12,2005,10,12,6.515699
2005-10-13,2005,10,13,7.10972
2005-10-14,2005,10,14,7.144117
2005-10-17,2005,10,17,7.07003
2005-10-18,2005,10,18,6.907303
2005-10-19,2005,10,19,7.268478
2005-10-20,2005,10,20,7.427237
2005-10-21,2005,10,21,7.363733
2005-10-24,2005,10,24,7.51323
2005-10-25,2005,10,25,7.421944
2005-10-26,2005,10,26,7.544981
2005-10-27,2005,10,27,7.330658
2005-10-28,2005,10,28,7.206297
2005-10-31,2005,10,31,7.619069
2005-11-01,2005,11,01,7.607162
2005-11-02,2005,11,02,7.931293
2005-11-03,2005,11,03,8.18266
2005-11-04,2005,11,04,8.090051
2005-11-07,2005,11,07,7.968336
2005-11-08,2005,11,08,7.924679
2005-11-09,2005,11,09,7.952461
2005-11-10,2005,11,10,8.09402
2005-11-11,2005,11,11,8.141648
2005-11-14,2005,11,14,8.129741
2005-11-15,2005,11,15,8.239548
2005-11-16,2005,11,16,8.592785
2005-11-17,2005,11,17,8.535897
2005-11-18,2005,11,18,8.54119
2005-11-21,2005,11,21,8.594108
2005-11-22,2005,11,22,8.800494
2005-11-23,2005,11,23,8.87855
2005-11-25,2005,11,25,9.173576
2005-11-28,2005,11,28,9.215911
2005-11-29,2005,11,29,9.009526
2005-11-30,2005,11,30,8.972482
2005-12-01,2005,12,01,9.472571
2005-12-02,2005,12,02,9.608838
2005-12-05,2005,12,05,9.501676
2005-12-06,2005,12,06,9.796702
2005-12-07,2005,12,07,9.783471
2005-12-08,2005,12,08,9.800671
2005-12-09,2005,12,09,9.833745
2005-12-12,2005,12,12,9.910478
2005-12-13,2005,12,13,9.919739
2005-12-14,2005,12,14,9.526813
2005-12-15,2005,12,15,9.549304
2005-12-16,2005,12,16,9.407744
2005-12-19,2005,12,19,9.443465
2005-12-20,2005,12,20,9.540043
2005-12-21,2005,12,21,9.723938
2005-12-22,2005,12,22,9.792733
2005-12-23,2005,12,23,9.704093
2005-12-27,2005,12,27,9.820515
2005-12-28,2005,12,28,9.733199
2005-12-29,2005,12,29,9.452726
2005-12-30,2005,12,30,9.510937
2006-01-03,2006,01,03,9.889311
2006-01-04,2006,01,04,9.918416
2006-01-05,2006,01,05,9.84036
2006-01-06,2006,01,06,10.094373
2006-01-09,2006,01,09,10.061298
2006-01-10,2006,01,10,10.697654
2006-01-11,2006,01,11,11.099841
2006-01-12,2006,01,12,11.151438
2006-01-13,2006,01,13,11.323426
2006-01-17,2006,01,17,11.207004
2006-01-18,2006,01,18,10.913301
2006-01-19,2006,01,19,10.456871
2006-01-20,2006,01,20,10.06659
2006-01-23,2006,01,23,10.275622
2006-01-24,2006,01,24,10.059975
2006-01-25,2006,01,25,9.816547
2006-01-26,2006,01,26,9.569148
2006-01-27,2006,01,27,9.529459
2006-01-30,2006,01,30,9.922385
2006-01-31,2006,01,31,9.989857
2006-02-01,2006,02,01,9.97795
2006-02-02,2006,02,02,9.53872
2006-02-03,2006,02,03,9.505645
2006-02-06,2006,02,06,8.903687
2006-02-07,2006,02,07,8.943376
2006-02-08,2006,02,08,9.103458
2006-02-09,2006,02,09,8.592785
2006-02-10,2006,02,10,8.90501
2006-02-13,2006,02,13,8.561034
2006-02-14,2006,02,14,8.948668
2006-02-15,2006,02,15,9.1577
2006-02-16,2006,02,16,9.336303
2006-02-17,2006,02,17,9.299259
2006-02-21,2006,02,21,9.139178
2006-02-22,2006,02,22,9.435526
2006-02-23,2006,02,23,9.492415
2006-02-24,2006,02,24,9.454049
2006-02-27,2006,02,27,9.391869
2006-02-28,2006,02,28,9.061122
2006-03-01,2006,03,01,9.141824
2006-03-02,2006,03,02,9.209296
2006-03-03,2006,03,03,8.959253
2006-03-06,2006,03,06,8.662903
2006-03-07,2006,03,07,8.772712
2006-03-08,2006,03,08,8.686718
2006-03-09,2006,03,09,8.457841
2006-03-10,2006,03,10,8.35994
2006-03-13,2006,03,13,8.689364
2006-03-14,2006,03,14,8.906333
2006-03-15,2006,03,15,8.762128
2006-03-16,2006,03,16,8.508115
2006-03-17,2006,03,17,8.554419
2006-03-20,2006,03,20,8.465779
2006-03-21,2006,03,21,8.177368
2006-03-22,2006,03,22,8.158847
2006-03-23,2006,03,23,7.959076
2006-03-24,2006,03,24,7.932616
2006-03-27,2006,03,27,7.873082
2006-03-28,2006,03,28,7.767243
2006-03-29,2006,03,29,8.246163
2006-03-30,2006,03,30,8.301729
2006-03-31,2006,03,31,8.29776
2006-04-03,2006,04,03,8.288499
2006-04-04,2006,04,04,8.092697
2006-04-05,2006,04,05,8.891781
2006-04-06,2006,04,06,9.424943
2006-04-07,2006,04,07,9.23311
2006-04-10,2006,04,10,9.084936
2006-04-11,2006,04,11,8.994973
2006-04-12,2006,04,12,8.825631
2006-04-13,2006,04,13,8.793879
2006-04-17,2006,04,17,8.574264
2006-04-18,2006,04,18,8.760805
2006-04-19,2006,04,19,8.685395
2006-04-20,2006,04,20,8.947345
2006-04-21,2006,04,21,8.869289
2006-04-24,2006,04,24,8.698625
2006-04-25,2006,04,25,8.75419
2006-04-26,2006,04,26,9.01614
2006-04-27,2006,04,27,9.176222
2006-04-28,2006,04,28,9.31249
2006-05-01,2006,05,01,9.207973
2006-05-02,2006,05,02,9.475216
2006-05-03,2006,05,03,9.411713
2006-05-04,2006,05,04,9.41039
2006-05-05,2006,05,05,9.510937
2006-05-08,2006,05,08,9.510937
2006-05-09,2006,05,09,9.39716
2006-05-10,2006,05,10,9.340272
2006-05-11,2006,05,11,9.01614
2006-05-12,2006,05,12,8.956606
2006-05-15,2006,05,15,8.968514
2006-05-16,2006,05,16,8.596754
2006-05-17,2006,05,17,8.633798
2006-05-18,2006,05,18,8.358617
2006-05-19,2006,05,19,8.534574
2006-05-22,2006,05,22,8.385077
2006-05-23,2006,05,23,8.354648
2006-05-24,2006,05,24,8.379785
2006-05-25,2006,05,25,8.51076
2006-05-26,2006,05,26,8.407568
2006-05-30,2006,05,30,8.099312
2006-05-31,2006,05,31,7.907479
2006-06-01,2006,06,01,8.224996
2006-06-02,2006,06,02,8.157524
2006-06-05,2006,06,05,7.937908
2006-06-06,2006,06,06,7.900864
2006-06-07,2006,06,07,7.747398
2006-06-08,2006,06,08,8.038455
2006-06-09,2006,06,09,7.837361
2006-06-12,2006,06,12,7.541013
2006-06-13,2006,06,13,7.71697
2006-06-14,2006,06,14,7.621714
2006-06-15,2006,06,15,7.855883
2006-06-16,2006,06,16,7.6151
2006-06-19,2006,06,19,7.567473
2006-06-20,2006,06,20,7.603193
2006-06-21,2006,06,21,7.65479
2006-06-22,2006,06,22,7.882343
2006-06-23,2006,06,23,7.783119
2006-06-26,2006,06,26,7.804287
2006-06-27,2006,06,27,7.597901
2006-06-28,2006,06,28,7.41136
2006-06-29,2006,06,29,7.801641
2006-06-30,2006,06,30,7.576734
2006-07-03,2006,07,03,7.666696
2006-07-05,2006,07,05,7.541013
2006-07-06,2006,07,06,7.378286
2006-07-07,2006,07,07,7.329335
2006-07-10,2006,07,10,7.276416
2006-07-11,2006,07,11,7.36241
2006-07-12,2006,07,12,7.006527
2006-07-13,2006,07,13,6.912595
2006-07-14,2006,07,14,6.703564
2006-07-17,2006,07,17,6.928471
2006-07-18,2006,07,18,6.998589
2006-07-19,2006,07,19,7.157347
2006-07-20,2006,07,20,8.004058
2006-07-21,2006,07,21,8.033163
2006-07-24,2006,07,24,8.125772
2006-07-25,2006,07,25,8.193245
2006-07-26,2006,07,26,8.449903
2006-07-27,2006,07,27,8.387723
2006-07-28,2006,07,28,8.677457
2006-07-31,2006,07,31,8.991004
2006-08-01,2006,08,01,8.887811
2006-08-02,2006,08,02,9.017463
2006-08-03,2006,08,03,9.20665
2006-08-04,2006,08,04,9.035986
2006-08-07,2006,08,07,8.891781
2006-08-08,2006,08,08,8.570295
2006-08-09,2006,08,09,8.41286
2006-08-10,2006,08,10,8.476363
2006-08-11,2006,08,11,8.420798
2006-08-14,2006,08,14,8.459164
2006-08-15,2006,08,15,8.791233
2006-08-16,2006,08,16,8.99365
2006-08-17,2006,08,17,8.942053
2006-08-18,2006,08,18,8.984389
2006-08-21,2006,08,21,8.805786
2006-08-22,2006,08,22,8.946022
2006-08-23,2006,08,23,8.90501
2006-08-24,2006,08,24,8.97116
2006-08-25,2006,08,25,9.09552
2006-08-28,2006,08,28,8.861351
2006-08-29,2006,08,29,8.795202
2006-08-30,2006,08,30,8.858705
2006-08-31,2006,08,31,8.976451
2006-09-01,2006,09,01,9.04657
2006-09-05,2006,09,05,9.456695
2006-09-06,2006,09,06,9.264862
2006-09-07,2006,09,07,9.631328
2006-09-08,2006,09,08,9.594285
2006-09-11,2006,09,11,9.591639
2006-09-12,2006,09,12,9.608838
2006-09-13,2006,09,13,9.816547
2006-09-14,2006,09,14,9.812578
2006-09-15,2006,09,15,9.803317
2006-09-18,2006,09,18,9.775534
2006-09-19,2006,09,19,9.759658
2006-09-20,2006,09,20,9.956783
2006-09-21,2006,09,21,9.876081
2006-09-22,2006,09,22,9.657789
2006-09-25,2006,09,25,10.021609
2006-09-26,2006,09,26,10.267684
2006-09-27,2006,09,27,10.108926
2006-09-28,2006,09,28,10.188305
2006-09-29,2006,09,29,10.184336
2006-10-02,2006,10,02,9.903863
2006-10-03,2006,10,03,9.800671
2006-10-04,2006,10,04,9.972659
2006-10-05,2006,10,05,9.899894
2006-10-06,2006,10,06,9.819193
2006-10-09,2006,10,09,9.873435
2006-10-10,2006,10,10,9.76495
2006-10-11,2006,10,11,9.688217
2006-10-12,2006,10,12,9.956783
2006-10-13,2006,10,13,9.925031
2006-10-16,2006,10,16,9.975304
2006-10-17,2006,10,17,9.828453
2006-10-18,2006,10,18,9.860205
2006-10-19,2006,10,19,10.450256
2006-10-20,2006,10,20,10.577263
2006-10-23,2006,10,23,10.777034
2006-10-24,2006,10,24,10.722791
2006-10-25,2006,10,25,10.806139
2006-10-26,2006,10,26,10.873611
2006-10-27,2006,10,27,10.63812
2006-10-30,2006,10,30,10.639443
2006-10-31,2006,10,31,10.72676
2006-11-01,2006,11,01,10.472747
2006-11-02,2006,11,02,10.448933
2006-11-03,2006,11,03,10.357648
2006-11-06,2006,11,06,10.545511
2006-11-07,2006,11,07,10.65135
2006-11-08,2006,11,08,10.908009
2006-11-09,2006,11,09,11.025754
2006-11-10,2006,11,10,10.996649
2006-11-13,2006,11,13,11.159376
2006-11-14,2006,11,14,11.24537
2006-11-15,2006,11,15,11.119687
2006-11-16,2006,11,16,11.326072
2006-11-17,2006,11,17,11.357824
2006-11-20,2006,11,20,11.439849
2006-11-21,2006,11,21,11.721644
2006-11-22,2006,11,22,11.947874
2006-11-24,2006,11,24,12.122509
2006-11-27,2006,11,27,11.846005
2006-11-28,2006,11,28,12.146322
2006-11-29,2006,11,29,12.144999
2006-11-30,2006,11,30,12.126478
2006-12-01,2006,12,01,12.081496
2006-12-04,2006,12,04,12.055037
2006-12-05,2006,12,05,12.074881
2006-12-06,2006,12,06,11.884372
2006-12-07,2006,12,07,11.515259
2006-12-08,2006,12,08,11.676663
2006-12-11,2006,12,11,11.741489
2006-12-12,2006,12,12,11.39619
2006-12-13,2006,12,13,11.781179
2006-12-14,2006,12,14,11.715029
2006-12-15,2006,12,15,11.605222
2006-12-18,2006,12,18,11.30755
2006-12-19,2006,12,19,11.418681
2006-12-20,2006,12,20,11.213618
2006-12-21,2006,12,21,10.967543
2006-12-22,2006,12,22,10.874934
2006-12-26,2006,12,26,10.783649
2006-12-27,2006,12,27,10.784972
2006-12-28,2006,12,28,10.698977
2006-12-29,2006,12,29,11.224202
2007-01-03,2007,01,03,11.086612
2007-01-04,2007,01,04,11.332687
2007-01-05,2007,01,05,11.251984
2007-01-08,2007,01,08,11.30755
2007-01-09,2007,01,09,12.24687
2007-01-10,2007,01,10,12.832951
2007-01-11,2007,01,11,12.674194
2007-01-12,2007,01,12,12.518082
2007-01-16,2007,01,16,12.846181
2007-01-17,2007,01,17,12.561739
2007-01-18,2007,01,18,11.783825
2007-01-19,2007,01,19,11.708415
2007-01-22,2007,01,22,11.482184
2007-01-23,2007,01,23,11.337979
2007-01-24,2007,01,24,11.470278
2007-01-25,2007,01,25,11.410743
2007-01-26,2007,01,26,11.295643
2007-01-29,2007,01,29,11.36973
2007-01-30,2007,01,30,11.318134
2007-01-31,2007,01,31,11.341948
2007-02-01,2007,02,01,11.210972
2007-02-02,2007,02,02,11.212295
2007-02-05,2007,02,05,11.105133
2007-02-06,2007,02,06,11.132916
2007-02-07,2007,02,07,11.397513
2007-02-08,2007,02,08,11.401483
2007-02-09,2007,02,09,11.016494
2007-02-12,2007,02,12,11.229494
2007-02-13,2007,02,13,11.205681
2007-02-14,2007,02,14,11.28506
2007-02-15,2007,02,15,11.273153
2007-02-16,2007,02,16,11.222879
2007-02-20,2007,02,20,11.364438
2007-02-21,2007,02,21,11.801023
2007-02-22,2007,02,22,11.842036
2007-02-23,2007,02,23,11.783825
2007-02-26,2007,02,26,11.709738
2007-02-27,2007,02,27,11.10381
2007-02-28,2007,02,28,11.193774
2007-03-01,2007,03,01,11.517905
2007-03-02,2007,03,02,11.299612
2007-03-05,2007,03,05,11.420004
2007-03-06,2007,03,06,11.667402
2007-03-07,2007,03,07,11.605222
2007-03-08,2007,03,08,11.642265
2007-03-09,2007,03,09,11.638296
2007-03-12,2007,03,12,11.889664
2007-03-13,2007,03,13,11.695185
2007-03-14,2007,03,14,11.906862
2007-03-15,2007,03,15,11.849974
2007-03-16,2007,03,16,11.85262
2007-03-19,2007,03,19,12.05636
2007-03-20,2007,03,20,12.102664
2007-03-21,2007,03,21,12.418857
2007-03-22,2007,03,22,12.430764
2007-03-23,2007,03,23,12.372553
2007-03-26,2007,03,26,12.680808
2007-03-27,2007,03,27,12.629212
2007-03-28,2007,03,28,12.335509
2007-03-29,2007,03,29,12.402982
2007-03-30,2007,03,30,12.29185
2007-04-02,2007,04,02,12.389752
2007-04-03,2007,04,03,12.502205
2007-04-04,2007,04,04,12.471777
2007-04-05,2007,04,05,12.526019
2007-04-09,2007,04,09,12.389752
2007-04-10,2007,04,10,12.469131
2007-04-11,2007,04,11,12.249516
2007-04-12,2007,04,12,12.196596
2007-04-13,2007,04,13,11.938614
2007-04-16,2007,04,16,12.096049
2007-04-17,2007,04,17,11.953167
2007-04-18,2007,04,18,11.959782
2007-04-19,2007,04,19,11.942583
2007-04-20,2007,04,20,12.035192
2007-04-23,2007,04,23,12.37123
2007-04-24,2007,04,24,12.335509
2007-04-25,2007,04,25,12.614659
2007-04-26,2007,04,26,13.076381
2007-04-27,2007,04,27,13.219263
2007-04-30,2007,04,30,13.203387
2007-05-01,2007,05,01,13.159729
2007-05-02,2007,05,02,13.281444
2007-05-03,2007,05,03,13.282767
2007-05-04,2007,05,04,13.337008
2007-05-07,2007,05,07,13.748457
2007-05-08,2007,05,08,13.899277
2007-05-09,2007,05,09,14.140061
2007-05-10,2007,05,10,14.200918
2007-05-11,2007,05,11,14.386135
2007-05-14,2007,05,14,14.468161
2007-05-15,2007,05,15,14.224731
2007-05-16,2007,05,16,14.200918
2007-05-17,2007,05,17,14.478745
2007-05-18,2007,05,18,14.555478
2007-05-21,2007,05,21,14.814783
2007-05-22,2007,05,22,15.021168
2007-05-23,2007,05,23,14.935173
2007-05-24,2007,05,24,14.644117
2007-05-25,2007,05,25,15.031752
2007-05-29,2007,05,29,15.12833
2007-05-30,2007,05,30,15.713089
2007-05-31,2007,05,31,16.033251
2007-06-01,2007,06,01,15.664139
2007-06-04,2007,06,04,16.051773
2007-06-05,2007,06,05,16.229054
2007-06-06,2007,06,06,16.357383
2007-06-07,2007,06,07,16.414271
2007-06-08,2007,06,08,16.469837
2007-06-11,2007,06,11,15.900953
2007-06-12,2007,06,12,15.92609
2007-06-13,2007,06,13,15.545071
2007-06-14,2007,06,14,15.710443
2007-06-15,2007,06,15,15.941965
2007-06-18,2007,06,18,16.549216
2007-06-19,2007,06,19,16.360029
2007-06-20,2007,06,20,16.08088
2007-06-21,2007,06,21,16.391781
2007-06-22,2007,06,22,16.272712
2007-06-25,2007,06,25,16.185394
2007-06-26,2007,06,26,15.829512
2007-06-27,2007,06,27,16.12586
2007-06-28,2007,06,28,15.949903
2007-06-29,2007,06,29,16.145706
2007-07-02,2007,07,02,16.042512
2007-07-03,2007,07,03,16.824396
2007-07-05,2007,07,05,17.562621
2007-07-06,2007,07,06,17.503087
2007-07-09,2007,07,09,17.24246
2007-07-10,2007,07,10,17.509702
2007-07-11,2007,07,11,17.514994
2007-07-12,2007,07,12,17.737256
2007-07-13,2007,07,13,18.221468
2007-07-16,2007,07,16,18.270418
2007-07-17,2007,07,17,18.377581
2007-07-18,2007,07,18,18.273064
2007-07-19,2007,07,19,18.521786
2007-07-20,2007,07,20,19.017906
2007-07-23,2007,07,23,19.011291
2007-07-24,2007,07,24,17.845741
2007-07-25,2007,07,25,18.159288
2007-07-26,2007,07,26,19.315577
2007-07-27,2007,07,27,19.031134
2007-07-30,2007,07,30,18.710973
2007-07-31,2007,07,31,17.431646
2007-08-01,2007,08,01,17.860294
2007-08-02,2007,08,02,18.057418
2007-08-03,2007,08,03,17.443553
2007-08-06,2007,08,06,17.893368
2007-08-07,2007,08,07,17.864263
2007-08-08,2007,08,08,17.729317
2007-08-09,2007,08,09,16.721203
2007-08-10,2007,08,10,16.537309
2007-08-13,2007,08,13,16.906422
2007-08-14,2007,08,14,16.408979
2007-08-15,2007,08,15,15.862586
2007-08-16,2007,08,16,15.485535
2007-08-17,2007,08,17,16.148352
2007-08-20,2007,08,20,16.169518
2007-08-21,2007,08,21,16.877315
2007-08-22,2007,08,22,17.53087
2007-08-23,2007,08,23,17.34036
2007-08-24,2007,08,24,17.899983
2007-08-27,2007,08,27,17.496472
2007-08-28,2007,08,28,16.778093
2007-08-29,2007,08,29,17.738579
2007-08-30,2007,08,30,18.025666
2007-08-31,2007,08,31,18.320693
2007-09-04,2007,09,04,19.072148
2007-09-05,2007,09,05,18.093139
2007-09-06,2007,09,06,17.861617
2007-09-07,2007,09,07,17.432969
2007-09-10,2007,09,10,18.086524
2007-09-11,2007,09,11,17.92512
2007-09-12,2007,09,12,18.105045
2007-09-13,2007,09,13,18.15135
2007-09-14,2007,09,14,18.36435
2007-09-17,2007,09,17,18.311432
2007-09-18,2007,09,18,18.6435
2007-09-19,2007,09,19,18.623656
2007-09-20,2007,09,20,18.562797
2007-09-21,2007,09,21,19.070825
2007-09-24,2007,09,24,19.617217
2007-09-25,2007,09,25,20.265479
2007-09-26,2007,09,26,20.211237
2007-09-27,2007,09,27,20.440113
2007-09-28,2007,09,28,20.303846
2007-10-01,2007,10,01,20.683543
2007-10-02,2007,10,02,20.962692
2007-10-03,2007,10,03,20.892574
2007-10-04,2007,10,04,20.670313
2007-10-05,2007,10,05,21.359588
2007-10-08,2007,10,08,22.214236
2007-10-09,2007,10,09,22.207621
2007-10-10,2007,10,10,22.066062
2007-10-11,2007,10,11,21.462781
2007-10-12,2007,10,12,22.126919
2007-10-15,2007,10,15,22.091199
2007-10-16,2007,10,16,22.435174
2007-10-17,2007,10,17,22.854561
2007-10-18,2007,10,18,22.953785
2007-10-19,2007,10,19,22.546305
2007-10-22,2007,10,22,23.067561
2007-10-23,2007,10,23,24.628683
2007-10-24,2007,10,24,24.598254
2007-10-25,2007,10,25,24.181515
2007-10-26,2007,10,26,24.435527
2007-10-29,2007,10,29,24.487124
2007-10-30,2007,10,30,24.739813
2007-10-31,2007,10,31,25.130094
2007-11-01,2007,11,01,24.798026
2007-11-02,2007,11,02,24.854914
2007-11-05,2007,11,05,24.631329
2007-11-06,2007,11,06,25.373523
2007-11-07,2007,11,07,24.647206
2007-11-08,2007,11,08,23.214412
2007-11-09,2007,11,09,21.878199
2007-11-12,2007,11,12,20.342212
2007-11-13,2007,11,13,22.485449
2007-11-14,2007,11,14,21.976098
2007-11-15,2007,11,15,21.736638
2007-11-16,2007,11,16,22.013143
2007-11-19,2007,11,19,21.690334
2007-11-20,2007,11,20,22.338597
2007-11-21,2007,11,21,22.287
2007-11-23,2007,11,23,22.69448
2007-11-26,2007,11,26,22.826778
2007-11-27,2007,11,27,23.127095
2007-11-28,2007,11,28,23.84283
2007-11-29,2007,11,29,24.381285
2007-11-30,2007,11,30,24.107428
2007-12-03,2007,12,03,23.662904
2007-12-04,2007,12,04,23.788588
2007-12-05,2007,12,05,24.541366
2007-12-06,2007,12,06,25.130094
2007-12-07,2007,12,07,25.705593
2007-12-10,2007,12,10,25.693686
2007-12-11,2007,12,11,24.943554
2007-12-12,2007,12,12,25.250486
2007-12-13,2007,12,13,25.378815
2007-12-14,2007,12,14,25.188306
2007-12-17,2007,12,17,24.395838
2007-12-18,2007,12,18,24.207973
2007-12-19,2007,12,19,24.226496
2007-12-20,2007,12,20,24.767596
2007-12-21,2007,12,21,25.653997
2007-12-24,2007,12,24,26.300935
2007-12-26,2007,12,26,26.320781
2007-12-27,2007,12,27,26.270508
2007-12-28,2007,12,28,26.437202
2007-12-31,2007,12,31,26.20568
2008-01-02,2008,01,02,25.777034
2008-01-03,2008,01,03,25.788941
2008-01-04,2008,01,04,23.820339
2008-01-07,2008,01,07,23.501499
2008-01-08,2008,01,08,22.656112
2008-01-09,2008,01,09,23.734345
2008-01-10,2008,01,10,23.551774
2008-01-11,2008,01,11,22.846623
2008-01-14,2008,01,14,23.652321
2008-01-15,2008,01,15,22.363733
2008-01-16,2008,01,16,21.120127
2008-01-17,2008,01,17,21.2855
2008-01-18,2008,01,18,21.34768
2008-01-22,2008,01,22,20.590933
2008-01-23,2008,01,23,18.398749
2008-01-24,2008,01,24,17.939673
2008-01-25,2008,01,25,17.200124
2008-01-28,2008,01,28,17.200124
2008-01-29,2008,01,29,17.402542
2008-01-30,2008,01,30,17.487211
2008-01-31,2008,01,31,17.907921
2008-02-01,2008,02,01,17.694921
2008-02-04,2008,02,04,17.417093
2008-02-05,2008,02,05,17.11413
2008-02-06,2008,02,06,16.140414
2008-02-07,2008,02,07,16.039866
2008-02-08,2008,02,08,16.600812
2008-02-11,2008,02,11,17.126037
2008-02-12,2008,02,12,16.518787
2008-02-13,2008,02,13,17.119422
2008-02-14,2008,02,14,16.862762
2008-02-15,2008,02,15,16.488358
2008-02-19,2008,02,19,16.164228
2008-02-20,2008,02,20,16.381197
2008-02-21,2008,02,21,16.079557
2008-02-22,2008,02,22,15.804375
2008-02-25,2008,02,25,15.841419
2008-02-26,2008,02,26,15.763363
2008-02-27,2008,02,27,16.267419
2008-02-28,2008,02,28,17.186894
2008-02-29,2008,02,29,16.539955
2008-03-03,2008,03,03,16.104692
2008-03-04,2008,03,04,16.487035
2008-03-05,2008,03,05,16.469837
2008-03-06,2008,03,06,15.998854
2008-03-07,2008,03,07,16.173487
2008-03-10,2008,03,10,15.834804
2008-03-11,2008,03,11,16.848211
2008-03-12,2008,03,12,16.673576
2008-03-13,2008,03,13,16.926267
2008-03-14,2008,03,14,16.750309
2008-03-17,2008,03,17,16.766185
2008-03-18,2008,03,18,17.571882
2008-03-19,2008,03,19,17.155143
2008-03-20,2008,03,20,17.631418
2008-03-24,2008,03,24,18.459606
2008-03-25,2008,03,25,18.651438
2008-03-26,2008,03,26,19.191215
2008-03-27,2008,03,27,18.554861
2008-03-28,2008,03,28,18.920004
2008-03-31,2008,03,31,18.98483
2008-04-01,2008,04,01,19.782591
2008-04-02,2008,04,02,19.512701
2008-04-03,2008,04,03,20.057771
2008-04-04,2008,04,04,20.25225
2008-04-07,2008,04,07,20.624009
2008-04-08,2008,04,08,20.220498
2008-04-09,2008,04,09,20.03528
2008-04-10,2008,04,10,20.446728
2008-04-11,2008,04,11,19.466397
2008-04-14,2008,04,14,19.551068
2008-04-15,2008,04,15,19.630448
2008-04-16,2008,04,16,20.334276
2008-04-17,2008,04,17,20.43879
2008-04-18,2008,04,18,21.305346
2008-04-21,2008,04,21,22.247311
2008-04-22,2008,04,22,21.194214
2008-04-23,2008,04,23,21.550098
2008-04-24,2008,04,24,22.350503
2008-04-25,2008,04,25,22.455019
2008-04-28,2008,04,28,22.787089
2008-04-29,2008,04,29,23.158847
2008-04-30,2008,04,30,23.013319
2008-05-01,2008,05,01,23.813724
2008-05-02,2008,05,02,23.938085
2008-05-05,2008,05,05,24.439496
2008-05-06,2008,05,06,24.694832
2008-05-07,2008,05,07,24.156378
2008-05-08,2008,05,08,24.483155
2008-05-09,2008,05,09,24.270155
2008-05-12,2008,05,12,24.893279
2008-05-13,2008,05,13,25.131417
2008-05-14,2008,05,14,24.641913
2008-05-15,2008,05,15,25.100989
2008-05-16,2008,05,16,24.821838
2008-05-19,2008,05,19,24.289999
2008-05-20,2008,05,20,24.594285
2008-05-21,2008,05,21,23.574265
2008-05-22,2008,05,22,23.423443
2008-05-23,2008,05,23,23.968513
2008-05-27,2008,05,27,24.664403
2008-05-28,2008,05,28,24.741136
2008-05-29,2008,05,29,24.698801
2008-05-30,2008,05,30,24.971335
2008-06-02,2008,06,02,24.620745
2008-06-03,2008,06,03,24.524167
2008-06-04,2008,06,04,24.500354
2008-06-05,2008,06,05,25.061299
2008-06-06,2008,06,06,24.559888
2008-06-09,2008,06,09,24.026726
2008-06-10,2008,06,10,24.559888
2008-06-11,2008,06,11,23.920886
2008-06-12,2008,06,12,22.922033
2008-06-13,2008,06,13,22.804288
2008-06-16,2008,06,16,23.395662
2008-06-17,2008,06,17,24.002911
2008-06-18,2008,06,18,23.648352
2008-06-19,2008,06,19,23.932793
2008-06-20,2008,06,20,23.187954
2008-06-23,2008,06,23,22.908803
2008-06-24,2008,06,24,22.92071
2008-06-25,2008,06,25,23.468426
2008-06-26,2008,06,26,22.260541
2008-06-27,2008,06,27,22.502646
2008-06-30,2008,06,30,22.152056
2008-07-01,2008,07,01,23.109897
2008-07-02,2008,07,02,22.249957
2008-07-03,2008,07,03,22.506615
2008-07-07,2008,07,07,23.1734
2008-07-08,2008,07,08,23.75419
2008-07-09,2008,07,09,23.053008
2008-07-10,2008,07,10,23.367878
2008-07-11,2008,07,11,22.83207
2008-07-14,2008,07,14,23.004058
2008-07-15,2008,07,15,22.443112
2008-07-16,2008,07,16,22.862499
2008-07-17,2008,07,17,22.730199
2008-07-18,2008,07,18,21.849092
2008-07-21,2008,07,21,21.999913
2008-07-22,2008,07,22,21.434998
2008-07-23,2008,07,23,21.995944
2008-07-24,2008,07,24,21.039425
2008-07-25,2008,07,25,21.448228
2008-07-28,2008,07,28,20.426883
2008-07-29,2008,07,29,20.781444
2008-07-30,2008,07,30,21.151879
2008-07-31,2008,07,31,21.028843
2008-08-01,2008,08,01,20.725877
2008-08-04,2008,08,04,20.272094
2008-08-05,2008,08,05,21.252427
2008-08-06,2008,08,06,21.722087
2008-08-07,2008,08,07,21.640061
2008-08-08,2008,08,08,22.431205
2008-08-11,2008,08,11,22.961722
2008-08-12,2008,08,12,23.381108
2008-08-13,2008,08,13,23.721116
2008-08-14,2008,08,14,23.723762
2008-08-15,2008,08,15,23.250134
2008-08-18,2008,08,18,23.203828
2008-08-19,2008,08,19,22.957754
2008-08-20,2008,08,20,23.263364
2008-08-21,2008,08,21,23.0583
2008-08-22,2008,08,22,23.389047
2008-08-25,2008,08,25,22.828101
2008-08-26,2008,08,26,22.972306
2008-08-27,2008,08,27,23.108574
2008-08-28,2008,08,28,22.985536
2008-08-29,2008,08,29,22.428559
2008-09-02,2008,09,02,21.986682
2008-09-03,2008,09,03,22.088553
2008-09-04,2008,09,04,21.32916
2008-09-05,2008,09,05,21.191568
2008-09-08,2008,09,08,20.892574
2008-09-09,2008,09,09,20.067032
2008-09-10,2008,09,10,20.057771
2008-09-11,2008,09,11,20.195361
2008-09-12,2008,09,12,19.704535
2008-09-15,2008,09,15,18.569413
2008-09-16,2008,09,16,18.50591
2008-09-17,2008,09,17,16.911714
2008-09-18,2008,09,18,17.739902
2008-09-19,2008,09,19,18.642177
2008-09-22,2008,09,22,17.337714
2008-09-23,2008,09,23,16.780739
2008-09-24,2008,09,24,17.028135
2008-09-25,2008,09,25,17.454137
2008-09-26,2008,09,26,16.965955
2008-09-29,2008,09,29,13.925737
2008-09-30,2008,09,30,15.037044
2008-10-01,2008,10,01,14.436409
2008-10-02,2008,10,02,13.243077
2008-10-03,2008,10,03,12.842212
2008-10-06,2008,10,06,12.983772
2008-10-07,2008,10,07,11.795731
2008-10-08,2008,10,08,11.879079
2008-10-09,2008,10,09,11.740166
2008-10-10,2008,10,10,12.806492
2008-10-13,2008,10,13,14.587229
2008-10-14,2008,10,14,13.769625
2008-10-15,2008,10,15,12.958635
2008-10-16,2008,10,16,13.479891
2008-10-17,2008,10,17,12.885871
2008-10-20,2008,10,20,13.023461
2008-10-21,2008,10,21,12.103987
2008-10-22,2008,10,22,12.815753
2008-10-23,2008,10,23,12.995678
2008-10-24,2008,10,24,12.750927
2008-10-27,2008,10,27,12.183366
2008-10-28,2008,10,28,13.21794
2008-10-29,2008,10,29,13.831805
2008-10-30,2008,10,30,14.690422
2008-10-31,2008,10,31,14.233992
2008-11-03,2008,11,03,14.150644
2008-11-04,2008,11,04,14.683807
2008-11-05,2008,11,05,13.666432
2008-11-06,2008,11,06,13.110778
2008-11-07,2008,11,07,12.997001
2008-11-10,2008,11,10,12.684777
2008-11-11,2008,11,11,12.537926
2008-11-12,2008,11,12,11.922738
2008-11-13,2008,11,13,12.758864
2008-11-14,2008,11,14,11.938614
2008-11-17,2008,11,17,11.660787
2008-11-18,2008,11,18,11.894956
2008-11-19,2008,11,19,11.416035
2008-11-20,2008,11,20,10.648704
2008-11-21,2008,11,21,10.925208
2008-11-24,2008,11,24,12.297142
2008-11-25,2008,11,25,12.012701
2008-11-26,2008,11,26,12.568354
2008-11-28,2008,11,28,12.260099
2008-12-01,2008,12,01,11.765303
2008-12-02,2008,12,02,12.23364
2008-12-03,2008,12,03,12.687423
2008-12-04,2008,12,04,12.093403
2008-12-05,2008,12,05,12.436056
2008-12-08,2008,12,08,13.192803
2008-12-09,2008,12,09,13.237785
2008-12-10,2008,12,10,12.993032
2008-12-11,2008,12,11,12.568354
2008-12-12,2008,12,12,13.000971
2008-12-15,2008,12,15,12.53528
2008-12-16,2008,12,16,12.625243
2008-12-17,2008,12,17,11.795731
2008-12-18,2008,12,18,11.831452
2008-12-19,2008,12,19,11.906862
2008-12-22,2008,12,22,11.343271
2008-12-23,2008,12,23,11.427942
2008-12-24,2008,12,24,11.250661
2008-12-26,2008,12,26,11.352532
2008-12-29,2008,12,29,11.45837
2008-12-30,2008,12,30,11.416035
2008-12-31,2008,12,31,11.291674
2009-01-02,2009,01,02,12.006086
2009-01-05,2009,01,05,12.512789
2009-01-06,2009,01,06,12.306404
2009-01-07,2009,01,07,12.040484
2009-01-08,2009,01,08,12.264068
2009-01-09,2009,01,09,11.983595
2009-01-12,2009,01,12,11.729582
2009-01-13,2009,01,13,11.603899
2009-01-14,2009,01,14,11.289028
2009-01-15,2009,01,15,11.031046
2009-01-16,2009,01,16,10.892133
2009-01-20,2009,01,20,10.34574
2009-01-21,2009,01,21,10.958282
2009-01-22,2009,01,22,11.689893
2009-01-23,2009,01,23,11.689893
2009-01-26,2009,01,26,11.859235
2009-01-27,2009,01,27,12.00344
2009-01-28,2009,01,28,12.462516
2009-01-29,2009,01,29,12.303758
2009-01-30,2009,01,30,11.924061
2009-02-02,2009,02,02,12.106633
2009-02-03,2009,02,03,12.301112
2009-02-04,2009,02,04,12.376522
2009-02-05,2009,02,05,12.76151
2009-02-06,2009,02,06,13.192803
2009-02-09,2009,02,09,13.561917
2009-02-10,2009,02,10,12.94276
2009-02-11,2009,02,11,12.809138
2009-02-12,2009,02,12,13.133269
2009-02-13,2009,02,13,13.118716
2009-02-17,2009,02,17,12.506174
2009-02-18,2009,02,18,12.485006
2009-02-19,2009,02,19,11.991533
2009-02-20,2009,02,20,12.06562
2009-02-23,2009,02,23,11.503352
2009-02-24,2009,02,24,11.939937
2009-02-25,2009,02,25,12.060328
2009-02-26,2009,02,26,11.7997
2009-02-27,2009,02,27,11.815576
2009-03-02,2009,03,02,11.634327
2009-03-03,2009,03,03,11.691216
2009-03-04,2009,03,04,12.061651
2009-03-05,2009,03,05,11.753396
2009-03-06,2009,03,06,11.28506
2009-03-09,2009,03,09,10.995326
2009-03-10,2009,03,10,11.725613
2009-03-11,2009,03,11,12.261422
2009-03-12,2009,03,12,12.746958
2009-03-13,2009,03,13,12.691392
2009-03-16,2009,03,16,12.62392
2009-03-17,2009,03,17,13.184865
2009-03-18,2009,03,18,13.430941
2009-03-19,2009,03,19,13.444171
2009-03-20,2009,03,20,13.440202
2009-03-23,2009,03,23,14.243253
2009-03-24,2009,03,24,14.089787
2009-03-25,2009,03,25,14.088464
2009-03-26,2009,03,26,14.535633
2009-03-27,2009,03,27,14.136092
2009-03-30,2009,03,30,13.823867
2009-03-31,2009,03,31,13.907215
2009-04-01,2009,04,01,14.37952
2009-04-02,2009,04,02,14.911361
2009-04-03,2009,04,03,15.345299
2009-04-06,2009,04,06,15.670754
2009-04-07,2009,04,07,15.214324
2009-04-08,2009,04,08,15.388959
2009-04-09,2009,04,09,15.818928
2009-04-13,2009,04,13,15.904922
2009-04-14,2009,04,14,15.652232
2009-04-15,2009,04,15,15.563591
2009-04-16,2009,04,16,16.067649
2009-04-17,2009,04,17,16.328276
2009-04-20,2009,04,20,15.941965
2009-04-21,2009,04,21,16.108661
2009-04-22,2009,04,22,16.075588
2009-04-23,2009,04,23,16.590228
2009-04-24,2009,04,24,16.391781
2009-04-27,2009,04,27,16.501588
2009-04-28,2009,04,28,16.391781
2009-04-29,2009,04,29,16.55583
2009-04-30,2009,04,30,16.647116
2009-05-01,2009,05,01,16.833657
2009-05-04,2009,05,04,17.47266
2009-05-05,2009,05,05,17.557329
2009-05-06,2009,05,06,17.529547
2009-05-07,2009,05,07,17.074441
2009-05-08,2009,05,08,17.09164
2009-05-11,2009,05,11,17.141913
2009-05-12,2009,05,12,16.460576
2009-05-13,2009,05,13,15.808344
2009-05-14,2009,05,14,16.266096
2009-05-15,2009,05,15,16.195978
2009-05-18,2009,05,18,16.755601
2009-05-19,2009,05,19,16.861441
2009-05-20,2009,05,20,16.652408
2009-05-21,2009,05,21,16.428824
2009-05-22,2009,05,22,16.206563
2009-05-26,2009,05,26,17.301994
2009-05-27,2009,05,27,17.602312
2009-05-28,2009,05,28,17.869553
2009-05-29,2009,05,29,17.967455
2009-06-01,2009,06,01,18.435792
2009-06-02,2009,06,02,18.454314
2009-06-03,2009,06,03,18.647469
2009-06-04,2009,06,04,19.016583
2009-06-05,2009,06,05,19.13962
2009-06-08,2009,06,08,19.031134
2009-06-09,2009,06,09,18.881637
2009-06-10,2009,06,10,18.554861
2009-06-11,2009,06,11,18.515171
2009-06-12,2009,06,12,18.120921
2009-06-15,2009,06,15,18.004499
2009-06-16,2009,06,16,18.038896
2009-06-17,2009,06,17,17.937027
2009-06-18,2009,06,18,17.976716
2009-06-19,2009,06,19,18.452991
2009-06-22,2009,06,22,18.173842
2009-06-23,2009,06,23,17.729317
2009-06-24,2009,06,24,18.021697
2009-06-25,2009,06,25,18.503264
2009-06-26,2009,06,26,18.844594
2009-06-29,2009,06,29,18.782414
2009-06-30,2009,06,30,18.843271
2009-07-01,2009,07,01,18.89619
2009-07-02,2009,07,02,18.524432
2009-07-06,2009,07,06,18.33789
2009-07-07,2009,07,07,17.913213
2009-07-08,2009,07,08,18.153996
2009-07-09,2009,07,09,18.040219
2009-07-10,2009,07,10,18.325985
2009-07-13,2009,07,13,18.831364
2009-07-14,2009,07,14,18.822103
2009-07-15,2009,07,15,19.431999
2009-07-16,2009,07,16,19.51667
2009-07-17,2009,07,17,20.076293
2009-07-20,2009,07,20,20.229759
2009-07-21,2009,07,21,20.044541
2009-07-22,2009,07,22,20.736462
2009-07-23,2009,07,23,20.879344
2009-07-24,2009,07,24,21.166433
2009-07-27,2009,07,27,21.180986
2009-07-28,2009,07,28,21.167756
2009-07-29,2009,07,29,21.171725
2009-07-30,2009,07,30,21.536868
2009-07-31,2009,07,31,21.616247
2009-08-03,2009,08,03,22.018435
2009-08-04,2009,08,04,21.902011
2009-08-05,2009,08,05,21.8438
2009-08-06,2009,08,06,21.685042
2009-08-07,2009,08,07,21.896719
2009-08-10,2009,08,10,21.792205
2009-08-11,2009,08,11,21.54216
2009-08-12,2009,08,12,21.870261
2009-08-13,2009,08,13,22.281708
2009-08-14,2009,08,14,22.064739
2009-08-17,2009,08,17,21.113512
2009-08-18,2009,08,18,21.696949
2009-08-19,2009,08,19,21.776328
2009-08-20,2009,08,20,22.005205
2009-08-21,2009,08,21,22.387547
2009-08-24,2009,08,24,22.366379
2009-08-25,2009,08,25,22.411361
2009-08-26,2009,08,26,22.148087
2009-08-27,2009,08,27,22.417977
2009-08-28,2009,08,28,22.497354
2009-08-31,2009,08,31,22.253926
2009-09-01,2009,09,01,21.868938
2009-09-02,2009,09,02,21.853061
2009-09-03,2009,09,03,22.034309
2009-09-04,2009,09,04,22.531752
2009-09-08,2009,09,08,22.878375
2009-09-09,2009,09,09,22.641561
2009-09-10,2009,09,10,22.829424
2009-09-11,2009,09,11,22.776505
2009-09-14,2009,09,14,22.98289
2009-09-15,2009,09,15,23.1734
2009-09-16,2009,09,16,24.061122
2009-09-17,2009,09,17,24.415683
2009-09-18,2009,09,18,24.477863
2009-09-21,2009,09,21,24.345565
2009-09-22,2009,09,22,24.406422
2009-09-23,2009,09,23,24.541366
2009-09-24,2009,09,24,24.319105
2009-09-25,2009,09,25,24.127271
2009-09-28,2009,09,28,24.62736
2009-09-29,2009,09,29,24.52549
2009-09-30,2009,09,30,24.521521
2009-10-01,2009,10,01,23.927501
2009-10-02,2009,10,02,24.461987
2009-10-05,2009,10,05,24.610161
2009-10-06,2009,10,06,25.138032
2009-10-07,2009,10,07,25.169784
2009-10-08,2009,10,08,25.040132
2009-10-09,2009,10,09,25.198889
2009-10-12,2009,10,12,25.243871
2009-10-13,2009,10,13,25.139355
2009-10-14,2009,10,14,25.307374
2009-10-15,2009,10,15,25.210796
2009-10-16,2009,10,16,24.878728
2009-10-19,2009,10,19,25.118188
2009-10-20,2009,10,20,26.295643
2009-10-21,2009,10,21,27.110603
2009-10-22,2009,10,22,27.147646
2009-10-23,2009,10,23,26.980949
2009-10-26,2009,10,26,26.787794
2009-10-27,2009,10,27,26.11175
2009-10-28,2009,10,28,25.454225
2009-10-29,2009,10,29,25.976804
2009-10-30,2009,10,30,24.938262
2009-11-02,2009,11,02,25.045422
2009-11-03,2009,11,03,24.971335
2009-11-04,2009,11,04,25.243871
2009-11-05,2009,11,05,25.669871
2009-11-06,2009,11,06,25.710885
2009-11-09,2009,11,09,26.65285
2009-11-10,2009,11,10,26.853943
2009-11-11,2009,11,11,26.889665
2009-11-12,2009,11,12,26.722968
2009-11-13,2009,11,13,27.048423
2009-11-16,2009,11,16,27.336833
2009-11-17,2009,11,17,27.385783
2009-11-18,2009,11,18,27.248193
2009-11-19,2009,11,19,26.527166
2009-11-20,2009,11,20,26.44911
2009-11-23,2009,11,23,27.237609
2009-11-24,2009,11,24,27.0471
2009-11-25,2009,11,25,27.014025
2009-11-27,2009,11,27,26.53775
2009-11-30,2009,11,30,26.447787
2009-12-01,2009,12,01,26.058829
2009-12-02,2009,12,02,25.960929
2009-12-03,2009,12,03,25.994003
2009-12-04,2009,12,04,25.575941
2009-12-07,2009,12,07,24.997796
2009-12-08,2009,12,08,25.119511
2009-12-09,2009,12,09,26.168637
2009-12-10,2009,12,10,25.987388
2009-12-11,2009,12,11,25.754543
2009-12-14,2009,12,14,26.060152
2009-12-15,2009,12,15,25.688394
2009-12-16,2009,12,16,25.802171
2009-12-17,2009,12,17,25.382784
2009-12-18,2009,12,18,25.85509
2009-12-21,2009,12,21,26.225525
2009-12-22,2009,12,22,26.507322
2009-12-23,2009,12,23,26.737522
2009-12-24,2009,12,24,27.655673
2009-12-28,2009,12,28,27.995679
2009-12-29,2009,12,29,27.663611
2009-12-30,2009,12,30,27.999648
2009-12-31,2009,12,31,27.879257
2010-01-04,2010,01,04,28.313195
2010-01-05,2010,01,05,28.362145
2010-01-06,2010,01,06,27.911008
2010-01-07,2010,01,07,27.859412
2010-01-08,2010,01,08,28.04463
2010-01-11,2010,01,11,27.797232
2010-01-12,2010,01,12,27.481038
2010-01-13,2010,01,13,27.868673
2010-01-14,2010,01,14,27.707269
2010-01-15,2010,01,15,27.244224
2010-01-19,2010,01,19,28.449462
2010-01-20,2010,01,20,28.011555
2010-01-21,2010,01,21,27.527342
2010-01-22,2010,01,22,26.162022
2010-01-25,2010,01,25,26.86585
2010-01-26,2010,01,26,27.245547
2010-01-27,2010,01,27,27.502206
2010-01-28,2010,01,28,26.365761
2010-01-29,2010,01,29,25.409244
2010-02-01,2010,02,01,25.762481
2010-02-02,2010,02,02,25.911978
2010-02-03,2010,02,03,26.357823
2010-02-04,2010,02,04,25.407921
2010-02-05,2010,02,05,25.859059
2010-02-08,2010,02,08,25.681779
2010-02-09,2010,02,09,25.955637
2010-02-10,2010,02,10,25.814078
2010-02-11,2010,02,11,26.283736
2010-02-12,2010,02,12,26.509966
2010-02-16,2010,02,16,26.909508
2010-02-17,2010,02,17,26.797055
2010-02-18,2010,02,18,26.847328
2010-02-19,2010,02,19,26.680632
2010-02-22,2010,02,22,26.515259
2010-02-23,2010,02,23,26.070736
2010-02-24,2010,02,24,26.547011
2010-02-25,2010,02,25,26.724291
2010-02-26,2010,02,26,27.070912
2010-03-01,2010,03,01,27.649058
2010-03-02,2010,03,02,27.630535
2010-03-03,2010,03,03,27.694038
2010-03-04,2010,03,04,27.876611
2010-03-05,2010,03,05,28.966751
2010-03-08,2010,03,08,28.983948
2010-03-09,2010,03,09,29.505205
2010-03-10,2010,03,10,29.745987
2010-03-11,2010,03,11,29.833306
2010-03-12,2010,03,12,29.978834
2010-03-15,2010,03,15,29.613689
2010-03-16,2010,03,16,29.694391
2010-03-17,2010,03,17,29.650733
2010-03-18,2010,03,18,29.720851
2010-03-19,2010,03,19,29.403335
2010-03-22,2010,03,22,29.734082
2010-03-23,2010,03,23,30.211678
2010-03-24,2010,03,24,30.3453
2010-03-25,2010,03,25,29.985447
2010-03-26,2010,03,26,30.547716
2010-03-29,2010,03,29,30.74484
2010-03-30,2010,03,30,31.202593
2010-03-31,2010,03,31,31.090142
2010-04-01,2010,04,01,31.218469
2010-04-05,2010,04,05,31.551862
2010-04-06,2010,04,06,31.690777
2010-04-07,2010,04,07,31.831013
2010-04-08,2010,04,08,31.745018
2010-04-09,2010,04,09,31.988446
2010-04-12,2010,04,12,32.054597
2010-04-13,2010,04,13,32.073119
2010-04-14,2010,04,14,32.504411
2010-04-15,2010,04,15,32.931736
2010-04-16,2010,04,16,32.730642
2010-04-19,2010,04,19,32.686984
2010-04-20,2010,04,20,32.358883
2010-04-21,2010,04,21,34.29441
2010-04-22,2010,04,22,35.253573
2010-04-23,2010,04,23,35.830393
2010-04-26,2010,04,26,35.654438
2010-04-27,2010,04,27,34.66749
2010-04-28,2010,04,28,34.60928
2010-04-29,2010,04,29,35.540662
2010-04-30,2010,04,30,34.541808
2010-05-03,2010,05,03,35.237697
2010-05-04,2010,05,04,34.222967
2010-05-05,2010,05,05,33.867085
2010-05-06,2010,05,06,32.578497
2010-05-07,2010,05,07,31.203918
2010-05-10,2010,05,10,33.602489
2010-05-11,2010,05,11,33.937203
2010-05-12,2010,05,12,34.674106
2010-05-13,2010,05,13,34.180634
2010-05-14,2010,05,14,33.579996
2010-05-17,2010,05,17,33.632917
2010-05-18,2010,05,18,33.386843
2010-05-19,2010,05,19,32.855001
2010-05-20,2010,05,20,31.455283
2010-05-21,2010,05,21,32.058564
2010-05-24,2010,05,24,32.645969
2010-05-25,2010,05,25,32.442231
2010-05-26,2010,05,26,32.295378
2010-05-27,2010,05,27,33.517816
2010-05-28,2010,05,28,33.984832
2010-06-01,2010,06,01,34.50741
2010-06-02,2010,06,02,34.92018
2010-06-03,2010,06,03,34.810372
2010-06-04,2010,06,04,33.863118
2010-06-07,2010,06,07,33.198978
2010-06-08,2010,06,08,32.985978
2010-06-09,2010,06,09,32.174989
2010-06-10,2010,06,10,33.14209
2010-06-11,2010,06,11,33.538984
2010-06-14,2010,06,14,33.640855
2010-06-15,2010,06,15,34.35659
2010-06-16,2010,06,16,35.356764
2010-06-17,2010,06,17,35.967983
2010-06-18,2010,06,18,36.259043
2010-06-21,2010,06,21,35.743078
2010-06-22,2010,06,22,36.229937
2010-06-23,2010,06,23,35.848915
2010-06-24,2010,06,24,35.588287
2010-06-25,2010,06,25,35.284
2010-06-28,2010,06,28,35.495679
2010-06-29,2010,06,29,33.890899
2010-06-30,2010,06,30,33.277034
2010-07-01,2010,07,01,32.873524
2010-07-02,2010,07,02,32.669783
2010-07-06,2010,07,06,32.893367
2010-07-07,2010,07,07,34.221646
2010-07-08,2010,07,08,34.144911
2010-07-09,2010,07,09,34.347327
2010-07-12,2010,07,12,34.039073
2010-07-13,2010,07,13,33.312754
2010-07-14,2010,07,14,33.435793
2010-07-15,2010,07,15,33.26645
2010-07-16,2010,07,16,33.061388
2010-07-19,2010,07,19,32.48986
2010-07-20,2010,07,20,33.324663
2010-07-21,2010,07,21,33.635563
2010-07-22,2010,07,22,34.26795
2010-07-23,2010,07,23,34.389663
2010-07-26,2010,07,26,34.302348
2010-07-27,2010,07,27,34.937381
2010-07-28,2010,07,28,34.524607
2010-07-29,2010,07,29,34.147557
2010-07-30,2010,07,30,34.033781
2010-08-02,2010,08,02,34.642354
2010-08-03,2010,08,03,34.652938
2010-08-04,2010,08,04,34.791853
2010-08-05,2010,08,05,34.622511
2010-08-06,2010,08,06,34.40951
2010-08-09,2010,08,09,34.629124
2010-08-10,2010,08,10,34.319545
2010-08-11,2010,08,11,33.099754
2010-08-12,2010,08,12,33.311433
2010-08-13,2010,08,13,32.955547
2010-08-16,2010,08,16,32.762394
2010-08-17,2010,08,17,33.335247
2010-08-18,2010,08,18,33.480775
2010-08-19,2010,08,19,33.058742
2010-08-20,2010,08,20,33.02699
2010-08-23,2010,08,23,32.518963
2010-08-24,2010,08,24,31.742372
2010-08-25,2010,08,25,32.133974
2010-08-26,2010,08,26,31.788676
2010-08-27,2010,08,27,31.965957
2010-08-30,2010,08,30,32.082378
2010-08-31,2010,08,31,32.161759
2010-09-01,2010,09,01,33.118276
2010-09-02,2010,09,02,33.361704
2010-09-03,2010,09,03,34.234876
2010-09-07,2010,09,07,34.10787
2010-09-08,2010,09,08,34.783915
2010-09-09,2010,09,09,34.803758
2010-09-10,2010,09,10,34.848741
2010-09-13,2010,09,13,35.328983
2010-09-14,2010,09,14,35.463927
2010-09-15,2010,09,15,35.749691
2010-09-16,2010,09,16,36.589786
2010-09-17,2010,09,17,36.431028
2010-09-20,2010,09,20,37.470896
2010-09-21,2010,09,21,37.542336
2010-09-22,2010,09,22,38.068885
2010-09-23,2010,09,23,38.223673
2010-09-24,2010,09,24,38.673487
2010-09-27,2010,09,27,38.520021
2010-09-28,2010,09,28,37.951139
2010-09-29,2010,09,29,38.018611
2010-09-30,2010,09,30,37.53969
2010-10-01,2010,10,01,37.376964
2010-10-04,2010,10,04,36.863645
2010-10-05,2010,10,05,38.226319
2010-10-06,2010,10,06,38.259396
2010-10-07,2010,10,07,38.263363
2010-10-08,2010,10,08,38.905009
2010-10-11,2010,10,11,39.075677
2010-10-12,2010,10,12,39.496385
2010-10-13,2010,10,13,39.708064
2010-10-14,2010,10,14,39.995149
2010-10-15,2010,10,15,41.63962
2010-10-18,2010,10,18,42.070912
2010-10-19,2010,10,19,40.945053
2010-10-20,2010,10,20,41.082643
2010-10-21,2010,10,21,40.949023
2010-10-22,2010,10,22,40.677811
2010-10-25,2010,10,25,40.859058
2010-10-26,2010,10,26,40.754542
2010-10-27,2010,10,27,40.725439
2010-10-28,2010,10,28,40.382784
2010-10-29,2010,10,29,39.819193
2010-11-01,2010,11,01,40.242547
2010-11-02,2010,11,02,40.927855
2010-11-03,2010,11,03,41.382962
2010-11-04,2010,11,04,42.106635
2010-11-05,2010,11,05,41.955815
2010-11-08,2010,11,08,42.152939
2010-11-09,2010,11,09,41.8169
2010-11-10,2010,11,10,42.074883
2010-11-11,2010,11,11,41.89231
2010-11-12,2010,11,12,40.751896
2010-11-15,2010,11,15,40.620923
2010-11-16,2010,11,16,39.899895
2010-11-17,2010,11,17,39.755689
2010-11-18,2010,11,18,40.804816
2010-11-19,2010,11,19,40.579911
2010-11-22,2010,11,22,41.457047
2010-11-23,2010,11,23,40.844507
2010-11-24,2010,11,24,41.647558
2010-11-26,2010,11,26,41.674018
2010-11-29,2010,11,29,41.921416
2010-11-30,2010,11,30,41.16467
2010-12-01,2010,12,01,41.859236
2010-12-02,2010,12,02,42.090759
2010-12-03,2010,12,03,41.996826
2010-12-06,2010,12,06,42.355355
2010-12-07,2010,12,07,42.098697
2010-12-08,2010,12,08,42.46913
2010-12-09,2010,12,09,42.303759
2010-12-10,2010,12,10,42.409597
2010-12-13,2010,12,13,42.556449
2010-12-14,2010,12,14,42.373877
2010-12-15,2010,12,15,42.383136
2010-12-16,2010,12,16,42.500883
2010-12-17,2010,12,17,42.416213
2010-12-20,2010,12,20,42.627889
2010-12-21,2010,12,21,42.891163
2010-12-22,2010,12,22,43.018169
2010-12-23,2010,12,23,42.811786
2010-12-27,2010,12,27,42.954668
2010-12-28,2010,12,28,43.059185
2010-12-29,2010,12,29,43.03537
2010-12-30,2010,12,30,42.819724
2010-12-31,2010,12,31,42.674196
2011-01-03,2011,01,03,43.601607
2011-01-04,2011,01,04,43.829162
2011-01-05,2011,01,05,44.18769
2011-01-06,2011,01,06,44.151967
2011-01-07,2011,01,07,44.468162
2011-01-10,2011,01,10,45.305611
2011-01-11,2011,01,11,45.198449
2011-01-12,2011,01,12,45.56624
2011-01-13,2011,01,13,45.732936
2011-01-14,2011,01,14,46.10337
2011-01-18,2011,01,18,45.067475
2011-01-19,2011,01,19,44.828015
2011-01-20,2011,01,20,44.013055
2011-01-21,2011,01,21,43.224556
2011-01-24,2011,01,24,44.644118
2011-01-25,2011,01,25,45.166696
2011-01-26,2011,01,26,45.49083
2011-01-27,2011,01,27,45.406157
2011-01-28,2011,01,28,44.465516
2011-01-31,2011,01,31,44.891516
2011-02-01,2011,02,01,45.646942
2011-02-02,2011,02,02,45.553009
2011-02-03,2011,02,03,45.436588
2011-02-04,2011,02,04,45.84142
2011-02-07,2011,02,07,46.553184
2011-02-08,2011,02,08,46.992418
2011-02-09,2011,02,09,47.38402
2011-02-10,2011,02,10,46.905099
2011-02-11,2011,02,11,47.21071
2011-02-14,2011,02,14,47.518964
2011-02-15,2011,02,15,47.614221
2011-02-16,2011,02,16,48.041542
2011-02-17,2011,02,17,47.402542
2011-02-18,2011,02,18,46.378553
2011-02-22,2011,02,22,44.797584
2011-02-23,2011,02,23,45.3281
2011-02-24,2011,02,24,45.362499
2011-02-25,2011,02,25,46.061037
2011-02-28,2011,02,28,46.729143
2011-03-01,2011,03,01,46.213178
2011-03-02,2011,03,02,46.584936
2011-03-03,2011,03,03,47.569238
2011-03-04,2011,03,04,47.627448
2011-03-07,2011,03,07,47.013583
2011-03-08,2011,03,08,47.066503
2011-03-09,2011,03,09,46.63124
2011-03-10,2011,03,10,45.863909
2011-03-11,2011,03,11,46.567739
2011-03-14,2011,03,14,46.775447
2011-03-15,2011,03,15,45.699859
2011-03-16,2011,03,16,43.659819
2011-03-17,2011,03,17,44.272359
2011-03-18,2011,03,18,43.747135
2011-03-21,2011,03,21,44.88887
2011-03-22,2011,03,22,45.140239
2011-03-23,2011,03,23,44.874319
2011-03-24,2011,03,24,45.639004
2011-03-25,2011,03,25,46.508205
2011-03-28,2011,03,28,46.362677
2011-03-29,2011,03,29,46.43147
2011-03-30,2011,03,30,46.123217
2011-03-31,2011,03,31,46.10734
2011-04-01,2011,04,01,45.584762
2011-04-04,2011,04,04,45.138915
2011-04-05,2011,04,05,44.834628
2011-04-06,2011,04,06,44.722174
2011-04-07,2011,04,07,44.727466
2011-04-08,2011,04,08,44.327926
2011-04-11,2011,04,11,43.764332
2011-04-12,2011,04,12,43.976011
2011-04-13,2011,04,13,44.469483
2011-04-14,2011,04,14,43.978657
2011-04-15,2011,04,15,43.322456
2011-04-18,2011,04,18,43.903247
2011-04-19,2011,04,19,44.698359
2011-04-20,2011,04,20,45.300319
2011-04-21,2011,04,21,46.397072
2011-04-25,2011,04,25,46.702683
2011-04-26,2011,04,26,46.360031
2011-04-27,2011,04,27,46.324308
2011-04-28,2011,04,28,45.874493
2011-04-29,2011,04,29,46.321662
2011-05-02,2011,05,02,45.812313
2011-05-03,2011,05,03,46.066329
2011-05-04,2011,05,04,46.247576
2011-05-05,2011,05,05,45.874493
2011-05-06,2011,05,06,45.862588
2011-05-09,2011,05,09,45.986948
2011-05-10,2011,05,10,46.2317
2011-05-11,2011,05,11,45.937998
2011-05-12,2011,05,12,45.850679
2011-05-13,2011,05,13,45.047628
2011-05-16,2011,05,16,44.095079
2011-05-17,2011,05,17,44.470808
2011-05-18,2011,05,18,44.96428
2011-05-19,2011,05,19,45.051599
2011-05-20,2011,05,20,44.349094
2011-05-23,2011,05,23,44.240607
2011-05-24,2011,05,24,43.948229
2011-05-25,2011,05,25,44.555477
2011-05-26,2011,05,26,44.319988
2011-05-27,2011,05,27,44.638826
2011-05-31,2011,05,31,46.017375
2011-06-01,2011,06,01,45.710443
2011-06-02,2011,06,02,45.788499
2011-06-03,2011,06,03,45.436588
2011-06-06,2011,06,06,44.722174
2011-06-07,2011,06,07,43.928382
2011-06-08,2011,06,08,43.954843
2011-06-09,2011,06,09,43.855618
2011-06-10,2011,06,10,43.116072
2011-06-13,2011,06,13,43.20868
2011-06-14,2011,06,14,43.981303
2011-06-15,2011,06,15,43.228523
2011-06-16,2011,06,16,43.018169
2011-06-17,2011,06,17,42.369906
2011-06-20,2011,06,20,41.716354
2011-06-21,2011,06,21,43.036692
2011-06-22,2011,06,22,42.680809
2011-06-23,2011,06,23,43.821224
2011-06-24,2011,06,24,43.175606
2011-06-27,2011,06,27,43.928382
2011-06-28,2011,06,28,44.354386
2011-06-29,2011,06,29,44.192982
2011-06-30,2011,06,30,44.408628
2011-07-01,2011,07,01,45.412773
2011-07-05,2011,07,05,46.229054
2011-07-06,2011,07,06,46.537308
2011-07-07,2011,07,07,47.257014
2011-07-08,2011,07,08,47.589082
2011-07-11,2011,07,11,46.83366
2011-07-12,2011,07,12,46.800583
2011-07-13,2011,07,13,47.365498
2011-07-14,2011,07,14,47.332424
2011-07-15,2011,07,15,48.278357
2011-07-18,2011,07,18,49.453169
2011-07-19,2011,07,19,49.856677
2011-07-20,2011,07,20,51.186277
2011-07-21,2011,07,21,51.237876
2011-07-22,2011,07,22,52.032988
2011-07-25,2011,07,25,52.720939
2011-07-26,2011,07,26,53.370527
2011-07-27,2011,07,27,51.939056
2011-07-28,2011,07,28,51.837186
2011-07-29,2011,07,29,51.659905
2011-08-01,2011,08,01,52.489416
2011-08-02,2011,08,02,51.452197
2011-08-03,2011,08,03,51.93641
2011-08-04,2011,08,04,49.925473
2011-08-05,2011,08,05,49.429355
2011-08-08,2011,08,08,46.729143
2011-08-09,2011,08,09,49.480951
2011-08-10,2011,08,10,48.115631
2011-08-11,2011,08,11,49.439939
2011-08-12,2011,08,12,49.875199
2011-08-15,2011,08,15,50.724557
2011-08-16,2011,08,16,50.336922
2011-08-17,2011,08,17,50.33163
2011-08-18,2011,08,18,48.427856
2011-08-19,2011,08,19,47.102223
2011-08-22,2011,08,22,47.156465
2011-08-23,2011,08,23,49.426709
2011-08-24,2011,08,24,49.76804
2011-08-25,2011,08,25,49.442585
2011-08-26,2011,08,26,50.747046
2011-08-29,2011,08,29,51.592433
2011-08-30,2011,08,30,51.595079
2011-08-31,2011,08,31,50.912421
2011-09-01,2011,09,01,50.409686
2011-09-02,2011,09,02,49.486243
2011-09-06,2011,09,06,50.239023
2011-09-07,2011,09,07,50.79335
2011-09-08,2011,09,08,50.821135
2011-09-09,2011,09,09,49.940025
2011-09-12,2011,09,12,50.265479
2011-09-13,2011,09,13,50.884636
2011-09-14,2011,09,14,51.503793
2011-09-15,2011,09,15,51.988006
2011-09-16,2011,09,16,52.985538
2011-09-19,2011,09,19,54.45802
2011-09-20,2011,09,20,54.698802
2011-09-21,2011,09,21,54.525492
2011-09-22,2011,09,22,53.160173
2011-09-23,2011,09,23,53.48827
2011-09-26,2011,09,26,53.338774
2011-09-27,2011,09,27,52.821488
2011-09-28,2011,09,28,52.523815
2011-09-29,2011,09,29,51.671814
2011-09-30,2011,09,30,50.448052
2011-10-03,2011,10,03,49.559007
2011-10-04,2011,10,04,49.281181
2011-10-05,2011,10,05,50.041895
2011-10-06,2011,10,06,49.925473
2011-10-07,2011,10,07,48.923974
2011-10-10,2011,10,10,51.438967
2011-10-11,2011,10,11,52.957753
2011-10-12,2011,10,12,53.209122
2011-10-13,2011,10,13,54.034662
2011-10-14,2011,10,14,55.829953
2011-10-17,2011,10,17,55.564036
2011-10-18,2011,10,18,55.861705
2011-10-19,2011,10,19,52.736815
2011-10-20,2011,10,20,52.298909
2011-10-21,2011,10,21,51.976101
2011-10-24,2011,10,24,53.682751
2011-10-25,2011,10,25,52.624364
2011-10-26,2011,10,26,52.998768
2011-10-27,2011,10,27,53.539869
2011-10-28,2011,10,28,53.574264
2011-10-31,2011,10,31,53.551774
2011-11-01,2011,11,01,52.457667
2011-11-02,2011,11,02,52.576735
2011-11-03,2011,11,03,53.325544
2011-11-04,2011,11,04,52.95114
2011-11-07,2011,11,07,52.883668
2011-11-08,2011,11,08,53.743606
2011-11-09,2011,11,09,52.294938
2011-11-10,2011,11,10,50.964017
2011-11-11,2011,11,11,50.884636
2011-11-14,2011,11,14,50.175518
2011-11-15,2011,11,15,51.441613
2011-11-16,2011,11,16,50.904483
2011-11-17,2011,11,17,49.930765
2011-11-18,2011,11,18,49.60399
2011-11-21,2011,11,21,48.819458
2011-11-22,2011,11,22,49.811698
2011-11-23,2011,11,23,48.552216
2011-11-25,2011,11,25,48.099755
2011-11-28,2011,11,28,49.760102
2011-11-29,2011,11,29,49.373788
2011-11-30,2011,11,30,50.564474
2011-12-01,2011,12,01,51.322545
2011-12-02,2011,12,02,51.556714
2011-12-05,2011,12,05,51.994623
2011-12-06,2011,12,06,51.722085
2011-12-07,2011,12,07,51.476012
2011-12-08,2011,12,08,51.68372
2011-12-09,2011,12,09,52.075325
2011-12-12,2011,12,12,51.839832
2011-12-13,2011,12,13,51.438967
2011-12-14,2011,12,14,50.298556
2011-12-15,2011,12,15,50.133181
2011-12-16,2011,12,16,50.408361
2011-12-19,2011,12,19,50.565798
2011-12-20,2011,12,20,52.383579
2011-12-21,2011,12,21,52.449729
2011-12-22,2011,12,22,52.727555
2011-12-23,2011,12,23,53.359942
2011-12-27,2011,12,27,53.783297
2011-12-28,2011,12,28,53.268656
2011-12-29,2011,12,29,53.596757
2011-12-30,2011,12,30,53.580881
2012-01-03,2012,01,03,54.4051
2012-01-04,2012,01,04,54.697481
2012-01-05,2012,01,05,55.304729
2012-01-06,2012,01,06,55.882874
2012-01-09,2012,01,09,55.794234
2012-01-10,2012,01,10,55.994003
2012-01-11,2012,01,11,55.902717
2012-01-12,2012,01,12,55.749251
2012-01-13,2012,01,13,55.540222
2012-01-17,2012,01,17,56.18716
2012-01-18,2012,01,18,56.770597
2012-01-19,2012,01,19,56.590671
2012-01-20,2012,01,20,55.605048
2012-01-23,2012,01,23,56.545688
2012-01-24,2012,01,24,55.619599
2012-01-25,2012,01,25,59.092434
2012-01-26,2012,01,26,58.823867
2012-01-27,2012,01,27,59.174461
2012-01-30,2012,01,30,59.932529
2012-01-31,2012,01,31,60.391603
2012-02-01,2012,02,01,60.353237
2012-02-02,2012,02,02,60.21168
2012-02-03,2012,02,03,60.814961
2012-02-06,2012,02,06,61.382518
2012-02-07,2012,02,07,62.025493
2012-02-08,2012,02,08,63.064037
2012-02-09,2012,02,09,65.245637
2012-02-10,2012,02,10,65.278711
2012-02-13,2012,02,13,66.493214
2012-02-14,2012,02,14,67.400777
2012-02-15,2012,02,15,65.840976
2012-02-16,2012,02,16,66.441614
2012-02-17,2012,02,17,66.429709
2012-02-21,2012,02,21,68.11387
2012-02-22,2012,02,22,67.874406
2012-02-23,2012,02,23,68.317604
2012-02-24,2012,02,24,69.114041
2012-02-27,2012,02,27,69.557246
2012-02-28,2012,02,28,70.833925
2012-02-29,2012,02,29,71.763985
2012-03-01,2012,03,01,72.032545
2012-03-02,2012,03,02,72.126481
2012-03-05,2012,03,05,70.536256
2012-03-06,2012,03,06,70.152585
2012-03-07,2012,03,07,70.209476
2012-03-08,2012,03,08,71.704444
2012-03-09,2012,03,09,72.125159
2012-03-12,2012,03,12,73.028752
2012-03-13,2012,03,13,75.15876
2012-03-14,2012,03,14,78.000533
2012-03-15,2012,03,15,77.468692
2012-03-16,2012,03,16,77.470013
2012-03-19,2012,03,19,79.524611
2012-03-20,2012,03,20,80.167578
2012-03-21,2012,03,21,79.709826
2012-03-22,2012,03,22,79.291767
2012-03-23,2012,03,23,78.856504
2012-03-26,2012,03,26,80.302522
2012-03-27,2012,03,27,81.294766
2012-03-28,2012,03,28,81.710182
2012-03-29,2012,03,29,80.683544
2012-03-30,2012,03,30,79.319549
2012-04-02,2012,04,02,81.843805
2012-04-03,2012,04,03,83.258071
2012-04-04,2012,04,04,82.595256
2012-04-05,2012,04,05,83.834891
2012-04-09,2012,04,09,84.172255
2012-04-10,2012,04,10,83.141653
2012-04-11,2012,04,11,82.845304
2012-04-12,2012,04,12,82.391515
2012-04-13,2012,04,13,80.071
2012-04-16,2012,04,16,76.750314
2012-04-17,2012,04,17,80.662375
2012-04-18,2012,04,18,80.482452
2012-04-19,2012,04,19,77.717411
2012-04-20,2012,04,20,75.804378
2012-04-23,2012,04,23,75.635032
2012-04-24,2012,04,24,74.124187
2012-04-25,2012,04,25,80.702069
2012-04-26,2012,04,26,80.39778
2012-04-27,2012,04,27,79.77598
2012-04-30,2012,04,30,77.259659
2012-05-01,2012,05,01,77.01491
2012-05-02,2012,05,02,77.524255
2012-05-03,2012,05,03,76.973895
2012-05-04,2012,05,04,74.78171
2012-05-07,2012,05,07,75.341333
2012-05-08,2012,05,08,75.169344
2012-05-09,2012,05,09,75.301646
2012-05-10,2012,05,10,75.478919
2012-05-11,2012,05,11,74.974867
2012-05-14,2012,05,14,73.85165
2012-05-15,2012,05,15,73.183543
2012-05-16,2012,05,16,72.245548
2012-05-17,2012,05,17,70.134066
2012-05-18,2012,05,18,70.168461
2012-05-21,2012,05,21,74.256482
2012-05-22,2012,05,22,73.686282
2012-05-23,2012,05,23,75.484211
2012-05-24,2012,05,24,74.790973
2012-05-25,2012,05,25,74.390105
2012-05-29,2012,05,29,75.710442
2012-05-30,2012,05,30,76.623304
2012-05-31,2012,05,31,76.432797
2012-06-01,2012,06,01,74.218116
2012-06-04,2012,06,04,74.6547
2012-06-05,2012,06,05,74.461551
2012-06-06,2012,06,06,75.603286
2012-06-07,2012,06,07,75.637681
2012-06-08,2012,06,08,76.775446
2012-06-11,2012,06,11,75.564914
2012-06-12,2012,06,12,76.225086
2012-06-13,2012,06,13,75.695894
2012-06-14,2012,06,14,75.612542
2012-06-15,2012,06,15,75.956519
2012-06-18,2012,06,18,77.497794
2012-06-19,2012,06,19,77.713448
2012-06-20,2012,06,20,77.492502
2012-06-21,2012,06,21,76.424856
2012-06-22,2012,06,22,77.010939
2012-06-25,2012,06,25,75.512
2012-06-26,2012,06,26,75.678696
2012-06-27,2012,06,27,76.005469
2012-06-28,2012,06,28,75.284441
2012-06-29,2012,06,29,77.262308
2012-07-02,2012,07,02,78.389489
2012-07-03,2012,07,03,79.301023
2012-07-05,2012,07,05,80.694128
2012-07-06,2012,07,06,80.156994
2012-07-09,2012,07,09,81.216706
2012-07-10,2012,07,10,80.465255
2012-07-11,2012,07,11,79.965166
2012-07-12,2012,07,12,79.233555
2012-07-13,2012,07,13,80.036605
2012-07-16,2012,07,16,80.293267
2012-07-17,2012,07,17,80.29723
2012-07-18,2012,07,18,80.207272
2012-07-19,2012,07,19,81.273598
2012-07-20,2012,07,20,79.947969
2012-07-23,2012,07,23,79.885785
2012-07-24,2012,07,24,79.500793
2012-07-25,2012,07,25,76.067652
2012-07-26,2012,07,26,76.055747
2012-07-27,2012,07,27,77.415771
2012-07-30,2012,07,30,78.72156
2012-07-31,2012,07,31,80.802612
2012-08-01,2012,08,01,80.280033
2012-08-02,2012,08,02,80.409685
2012-08-03,2012,08,03,81.45617
2012-08-06,2012,08,06,82.362413
2012-08-07,2012,08,07,82.145445
2012-08-08,2012,08,08,82.00653
2012-08-09,2012,08,09,82.474217
2012-08-10,2012,08,10,82.603098
2012-08-13,2012,08,13,83.705891
2012-08-14,2012,08,14,83.930439
2012-08-15,2012,08,15,83.816167
2012-08-16,2012,08,16,84.548266
2012-08-17,2012,08,17,86.112103
2012-08-20,2012,08,20,88.37615
2012-08-21,2012,08,21,87.168389
2012-08-22,2012,08,22,88.870411
2012-08-23,2012,08,23,88.041326
2012-08-24,2012,08,24,88.119714
2012-08-27,2012,08,27,89.775229
2012-08-28,2012,08,28,89.658311
2012-08-29,2012,08,29,89.481596
2012-08-30,2012,08,30,88.206077
2012-08-31,2012,08,31,88.388107
2012-09-04,2012,09,04,89.680897
2012-09-05,2012,09,05,89.051113
2012-09-06,2012,09,06,89.853624
2012-09-07,2012,09,07,90.407674
2012-09-10,2012,09,10,88.055936
2012-09-11,2012,09,11,87.770279
2012-09-12,2012,09,12,88.992651
2012-09-13,2012,09,13,90.745159
2012-09-14,2012,09,14,91.847951
2012-09-17,2012,09,17,92.977318
2012-09-18,2012,09,18,93.260321
2012-09-19,2012,09,19,93.285568
2012-09-20,2012,09,20,92.833818
2012-09-21,2012,09,21,93.018502
2012-09-24,2012,09,24,91.782847
2012-09-25,2012,09,25,89.490899
2012-09-26,2012,09,26,88.380131
2012-09-27,2012,09,27,90.524599
2012-09-28,2012,09,28,88.635241
2012-10-01,2012,10,01,87.610836
2012-10-02,2012,10,02,87.865938
2012-10-03,2012,10,03,89.213203
2012-10-04,2012,10,04,88.595376
2012-10-05,2012,10,05,86.707344
2012-10-08,2012,10,08,84.791412
2012-10-09,2012,10,09,84.483162
2012-10-10,2012,10,10,85.155464
2012-10-11,2012,10,11,83.453442
2012-10-12,2012,10,12,83.66736
2012-10-15,2012,10,15,84.338336
2012-10-16,2012,10,16,86.335317
2012-10-17,2012,10,17,85.64707
2012-10-18,2012,10,18,84.056659
2012-10-19,2012,10,19,81.027305
2012-10-22,2012,10,22,84.241343
2012-10-23,2012,10,23,81.494991
2012-10-24,2012,10,24,81.956036
2012-10-25,2012,10,25,80.98744
2012-10-26,2012,10,26,80.251361
2012-10-31,2012,10,31,79.098082
2012-11-01,2012,11,01,79.260179
2012-11-02,2012,11,02,76.637395
2012-11-05,2012,11,05,77.67641
2012-11-06,2012,11,06,77.441232
2012-11-07,2012,11,07,74.478128
2012-11-08,2012,11,08,71.775289
2012-11-09,2012,11,09,73.017928
2012-11-12,2012,11,12,72.453335
2012-11-13,2012,11,13,72.46268
2012-11-14,2012,11,14,71.65917
2012-11-15,2012,11,15,70.156258
2012-11-16,2012,11,16,70.431216
2012-11-19,2012,11,19,75.509877
2012-11-20,2012,11,20,74.866531
2012-11-21,2012,11,21,74.97198
2012-11-23,2012,11,23,76.28002
2012-11-26,2012,11,26,78.686544
2012-11-27,2012,11,27,78.052544
2012-11-28,2012,11,28,77.806954
2012-11-29,2012,11,29,78.663848
2012-11-30,2012,11,30,78.119278
2012-12-03,2012,12,03,78.240744
2012-12-04,2012,12,04,76.860623
2012-12-05,2012,12,05,71.914105
2012-12-06,2012,12,06,73.04195
2012-12-07,2012,12,07,71.174663
2012-12-10,2012,12,10,70.716845
2012-12-11,2012,12,11,72.261136
2012-12-12,2012,12,12,71.942133
2012-12-13,2012,12,13,70.699495
2012-12-14,2012,12,14,68.043375
2012-12-17,2012,12,17,69.249973
2012-12-18,2012,12,18,71.261421
2012-12-19,2012,12,19,70.248355
2012-12-20,2012,12,20,69.637051
2012-12-21,2012,12,21,69.316715
2012-12-24,2012,12,24,69.428828
2012-12-26,2012,12,26,68.471825
2012-12-27,2012,12,27,68.746783
2012-12-28,2012,12,28,68.016679
2012-12-31,2012,12,31,71.030509
2013-01-02,2013,01,02,73.280868
2013-01-03,2013,01,03,72.355899
2013-01-04,2013,01,04,70.340452
2013-01-07,2013,01,07,69.926686
2013-01-08,2013,01,08,70.114886
2013-01-09,2013,01,09,69.019068
2013-01-10,2013,01,10,69.874628
2013-01-11,2013,01,11,69.446185
2013-01-14,2013,01,14,66.970253
2013-01-15,2013,01,15,64.85737
2013-01-16,2013,01,16,67.549523
2013-01-17,2013,01,17,67.094384
2013-01-18,2013,01,18,66.736675
2013-01-22,2013,01,22,67.373341
2013-01-23,2013,01,23,68.606634
2013-01-24,2013,01,24,60.129739
2013-01-25,2013,01,25,58.712255
2013-01-28,2013,01,28,60.040315
2013-01-29,2013,01,29,61.166827
2013-01-30,2013,01,30,60.974629
2013-01-31,2013,01,31,60.795774
2013-02-01,2013,02,01,60.546178
2013-02-04,2013,02,04,59.037931
2013-02-05,2013,02,05,61.109438
2013-02-06,2013,02,06,61.044036
2013-02-07,2013,02,07,62.859111
2013-02-08,2013,02,08,63.766649
2013-02-11,2013,02,11,64.431195
2013-02-12,2013,02,12,62.81615
2013-02-13,2013,02,13,62.696665
2013-02-14,2013,02,14,62.640282
2013-02-15,2013,02,15,61.777047
2013-02-19,2013,02,19,61.754225
2013-02-20,2013,02,20,60.258665
2013-02-21,2013,02,21,59.884104
2013-02-22,2013,02,22,60.521796
2013-02-25,2013,02,25,59.446442
2013-02-26,2013,02,26,60.274775
2013-02-27,2013,02,27,59.684067
2013-02-28,2013,02,28,59.258493
2013-03-01,2013,03,01,57.791128
2013-03-04,2013,03,04,56.392227
2013-03-05,2013,03,05,57.881073
2013-03-06,2013,03,06,57.145377
2013-03-07,2013,03,07,57.805894
2013-03-08,2013,03,08,57.95894
2013-03-11,2013,03,11,58.784585
2013-03-12,2013,03,12,57.517253
2013-03-13,2013,03,13,57.506512
2013-03-14,2013,03,14,58.063655
2013-03-15,2013,03,15,59.561901
2013-03-18,2013,03,18,61.180972
2013-03-19,2013,03,19,61.015837
2013-03-20,2013,03,20,60.692294
2013-03-21,2013,03,21,60.779557
2013-03-22,2013,03,22,62.011986
2013-03-25,2013,03,25,62.236186
2013-03-26,2013,03,26,61.908612
2013-03-27,2013,03,27,60.692294
2013-03-28,2013,03,28,59.42765
2013-04-01,2013,04,01,57.581695
2013-04-02,2013,04,02,57.699835
2013-04-03,2013,04,03,57.995187
2013-04-04,2013,04,04,57.421934
2013-04-05,2013,04,05,56.815119
2013-04-08,2013,04,08,57.219215
2013-04-09,2013,04,09,57.322589
2013-04-10,2013,04,10,58.491918
2013-04-11,2013,04,11,58.309335
2013-04-12,2013,04,12,57.701179
2013-04-15,2013,04,15,56.36538
2013-04-16,2013,04,16,57.223245
2013-04-17,2013,04,17,54.076396
2013-04-18,2013,04,18,52.633192
2013-04-19,2013,04,19,52.429133
2013-04-22,2013,04,22,53.521938
2013-04-23,2013,04,23,54.52345
2013-04-24,2013,04,24,54.433501
2013-04-25,2013,04,25,54.825517
2013-04-26,2013,04,26,56.009611
2013-04-29,2013,04,29,57.744137
2013-04-30,2013,04,30,59.443757
2013-05-01,2013,05,01,58.975222
2013-05-02,2013,05,02,59.811607
2013-05-03,2013,05,03,60.41037
2013-05-06,2013,05,06,61.850881
2013-05-07,2013,05,07,61.575669
2013-05-08,2013,05,08,62.271088
2013-05-09,2013,05,09,61.727821
2013-05-10,2013,05,10,61.214292
2013-05-13,2013,05,13,61.453494
2013-05-14,2013,05,14,59.983171
2013-05-15,2013,05,15,57.954721
2013-05-16,2013,05,16,58.729073
2013-05-17,2013,05,17,58.550688
2013-05-20,2013,05,20,59.85749
2013-05-21,2013,05,21,59.415582
2013-05-22,2013,05,22,59.643968
2013-05-23,2013,05,23,59.750729
2013-05-24,2013,05,24,60.1575
2013-05-28,2013,05,28,59.656132
2013-05-29,2013,05,29,60.130471
2013-05-30,2013,05,30,61.026449
2013-05-31,2013,05,31,60.776444
2013-06-03,2013,06,03,60.91023
2013-06-04,2013,06,04,60.71968
2013-06-05,2013,06,05,60.152094
2013-06-06,2013,06,06,59.253414
2013-06-07,2013,06,07,59.706133
2013-06-10,2013,06,10,59.311523
2013-06-11,2013,06,11,59.137194
2013-06-12,2013,06,12,58.406087
2013-06-13,2013,06,13,58.915563
2013-06-14,2013,06,14,58.116889
2013-06-17,2013,06,17,58.380412
2013-06-18,2013,06,18,58.349327
2013-06-19,2013,06,19,57.164151
2013-06-20,2013,06,20,56.331692
2013-06-21,2013,06,21,55.880325
2013-06-24,2013,06,24,54.399191
2013-06-25,2013,06,25,54.411352
2013-06-26,2013,06,26,53.795115
2013-06-27,2013,06,27,53.215364
2013-06-28,2013,06,28,53.587002
2013-07-01,2013,07,01,55.301924
2013-07-02,2013,07,02,56.554672
2013-07-03,2013,07,03,56.866844
2013-07-05,2013,07,05,56.410071
2013-07-08,2013,07,08,56.089792
2013-07-09,2013,07,09,57.07631
2013-07-10,2013,07,10,56.857385
2013-07-11,2013,07,11,57.743901
2013-07-12,2013,07,12,57.638493
2013-07-15,2013,07,15,57.764175
2013-07-16,2013,07,16,58.137158
2013-07-17,2013,07,17,58.152026
2013-07-18,2013,07,18,58.347978
2013-07-19,2013,07,19,57.427674
2013-07-22,2013,07,22,57.611465
2013-07-23,2013,07,23,56.62224
2013-07-24,2013,07,24,59.530451
2013-07-25,2013,07,25,59.258819
2013-07-26,2013,07,26,59.59532
2013-07-29,2013,07,29,60.51427
2013-07-30,2013,07,30,61.261594
2013-07-31,2013,07,31,61.15483
2013-08-01,2013,08,01,61.71566
2013-08-02,2013,08,02,62.50758
2013-08-05,2013,08,05,63.441397
2013-08-06,2013,08,06,62.873812
2013-08-07,2013,08,07,62.837321
2013-08-08,2013,08,08,62.712171
2013-08-09,2013,08,09,61.819794
2013-08-12,2013,08,12,63.575974
2013-08-13,2013,08,13,66.597243
2013-08-14,2013,08,14,67.812014
2013-08-15,2013,08,15,67.731751
2013-08-16,2013,08,16,68.333016
2013-08-19,2013,08,19,69.06895
2013-08-20,2013,08,20,68.161615
2013-08-21,2013,08,21,68.337099
2013-08-22,2013,08,22,68.418713
2013-08-23,2013,08,23,68.154815
2013-08-26,2013,08,26,68.420078
2013-08-27,2013,08,27,66.463932
2013-08-28,2013,08,28,66.778168
2013-08-29,2013,08,29,66.886996
2013-08-30,2013,08,30,66.277572
2013-09-03,2013,09,03,66.462573
2013-09-04,2013,09,04,67.837862
2013-09-05,2013,09,05,67.372625
2013-09-06,2013,09,06,67.773924
2013-09-09,2013,09,09,68.855377
2013-09-10,2013,09,10,67.286929
2013-09-11,2013,09,11,63.623581
2013-09-12,2013,09,12,64.301026
2013-09-13,2013,09,13,63.241331
2013-09-16,2013,09,16,61.230778
2013-09-17,2013,09,17,61.938147
2013-09-18,2013,09,18,63.211407
2013-09-19,2013,09,19,64.24797
2013-09-20,2013,09,20,63.582774
2013-09-23,2013,09,23,66.742802
2013-09-24,2013,09,24,66.533311
2013-09-25,2013,09,25,65.503548
2013-09-26,2013,09,26,66.141537
2013-09-27,2013,09,27,65.669508
2013-09-30,2013,09,30,64.853311
2013-10-01,2013,10,01,66.378235
2013-10-02,2013,10,02,66.595884
2013-10-03,2013,10,03,65.759287
2013-10-04,2013,10,04,65.707598
2013-10-07,2013,10,07,66.349669
2013-10-08,2013,10,08,65.423286
2013-10-09,2013,10,09,66.191868
2013-10-10,2013,10,10,66.606767
2013-10-11,2013,10,11,67.037989
2013-10-14,2013,10,14,67.477371
2013-10-15,2013,10,15,67.836496
2013-10-16,2013,10,16,68.167056
2013-10-17,2013,10,17,68.628203
2013-10-18,2013,10,18,69.225385
2013-10-21,2013,10,21,70.92171
2013-10-22,2013,10,22,70.719019
2013-10-23,2013,10,23,71.411422
2013-10-24,2013,10,24,72.356847
2013-10-25,2013,10,25,71.547458
2013-10-28,2013,10,28,72.080701
2013-10-29,2013,10,29,70.28508
2013-10-30,2013,10,30,71.403264
2013-10-31,2013,10,31,71.103986
2013-11-01,2013,11,01,70.740785
2013-11-04,2013,11,04,71.65492
2013-11-05,2013,11,05,71.478078
2013-11-06,2013,11,06,71.275573
2013-11-07,2013,11,07,70.122128
2013-11-08,2013,11,08,71.226314
2013-11-11,2013,11,11,71.019707
2013-11-12,2013,11,12,71.151056
2013-11-13,2013,11,13,71.235894
2013-11-14,2013,11,14,72.266196
2013-11-15,2013,11,15,71.832456
2013-11-18,2013,11,18,70.962235
2013-11-19,2013,11,19,71.088118
2013-11-20,2013,11,20,70.465557
2013-11-21,2013,11,21,71.305671
2013-11-22,2013,11,22,71.122324
2013-11-25,2013,11,25,71.661421
2013-11-26,2013,11,26,72.98316
2013-11-27,2013,11,27,74.701702
2013-11-29,2013,11,29,76.085013
2013-12-02,2013,12,02,75.42278
2013-12-03,2013,12,03,77.487484
2013-12-04,2013,12,04,77.306876
2013-12-05,2013,12,05,77.703671
2013-12-06,2013,12,06,76.625477
2013-12-09,2013,12,09,77.502537
2013-12-10,2013,12,10,77.382127
2013-12-11,2013,12,11,76.808824
2013-12-12,2013,12,12,76.696628
2013-12-13,2013,12,13,75.86062
2013-12-16,2013,12,16,76.280681
2013-12-17,2013,12,17,75.937244
2013-12-18,2013,12,18,75.359835
2013-12-19,2013,12,19,74.496461
2013-12-20,2013,12,20,75.120389
2013-12-23,2013,12,23,78.003322
2013-12-24,2013,12,24,77.672198
2013-12-26,2013,12,26,77.156368
2013-12-27,2013,12,27,76.635056
2013-12-30,2013,12,30,75.872933
2013-12-31,2013,12,31,76.762306
2014-01-02,2014,01,02,75.682745
2014-01-03,2014,01,03,74.020309
2014-01-06,2014,01,06,74.423944
2014-01-07,2014,01,07,73.891693
2014-01-08,2014,01,08,74.359639
2014-01-09,2014,01,09,73.410061
2014-01-10,2014,01,10,72.920222
2014-01-13,2014,01,13,73.301971
2014-01-14,2014,01,14,74.76054
2014-01-15,2014,01,15,76.261521
2014-01-16,2014,01,16,75.835994
2014-01-17,2014,01,17,73.97789
2014-01-21,2014,01,21,75.127229
2014-01-22,2014,01,22,75.461085
2014-01-23,2014,01,23,76.100066
2014-01-24,2014,01,24,74.716755
2014-01-27,2014,01,27,75.322897
2014-01-28,2014,01,28,69.302532
2014-01-29,2014,01,29,68.515783
2014-01-30,2014,01,30,68.38306
2014-01-31,2014,01,31,68.495256
2014-02-03,2014,02,03,68.622506
2014-02-04,2014,02,04,69.61587
2014-02-05,2014,02,05,70.135807
2014-02-06,2014,02,06,70.544607
2014-02-07,2014,02,07,71.531523
2014-02-10,2014,02,10,72.813003
2014-02-11,2014,02,11,73.772389
2014-02-12,2014,02,12,73.766883
2014-02-13,2014,02,13,74.938244
2014-02-14,2014,02,14,74.877686
2014-02-18,2014,02,18,75.152975
2014-02-19,2014,02,19,73.966471
2014-02-20,2014,02,20,73.110316
2014-02-21,2014,02,21,72.298208
2014-02-24,2014,02,24,72.614796
2014-02-25,2014,02,25,71.859123
2014-02-26,2014,02,26,71.210811
2014-02-27,2014,02,27,72.631314
2014-02-28,2014,02,28,72.434475
2014-03-03,2014,03,03,72.643701
2014-03-04,2014,03,04,73.122703
2014-03-05,2014,03,05,73.276869
2014-03-06,2014,03,06,73.055257
2014-03-07,2014,03,07,73.012591
2014-03-10,2014,03,10,73.078655
2014-03-11,2014,03,11,73.790281
2014-03-12,2014,03,12,73.861858
2014-03-13,2014,03,13,73.041495
2014-03-14,2014,03,14,72.221125
2014-03-17,2014,03,17,72.503303
2014-03-18,2014,03,18,73.144726
2014-03-19,2014,03,19,73.125459
2014-03-20,2014,03,20,72.773086
2014-03-21,2014,03,21,73.347064
2014-03-24,2014,03,24,74.216988
2014-03-25,2014,03,25,75.015327
2014-03-26,2014,03,26,74.298195
2014-03-27,2014,03,27,73.978858
2014-03-28,2014,03,28,73.896269
2014-03-31,2014,03,31,73.879751
2014-04-01,2014,04,01,74.555592
2014-04-02,2014,04,02,74.679472
2014-04-03,2014,04,03,74.161928
2014-04-04,2014,04,04,73.202542
2014-04-07,2014,04,07,72.053198
2014-04-08,2014,04,08,72.049074
2014-04-09,2014,04,09,72.996073
2014-04-10,2014,04,10,72.05458
2014-04-11,2014,04,11,71.521893
2014-04-14,2014,04,14,71.806813
2014-04-15,2014,04,15,71.294775
2014-04-16,2014,04,16,71.439304
2014-04-17,2014,04,17,72.255543
2014-04-21,2014,04,21,73.113073
2014-04-22,2014,04,22,73.186025
2014-04-23,2014,04,23,72.229388
2014-04-24,2014,04,24,78.150889
2014-04-25,2014,04,25,78.724867
2014-04-28,2014,04,28,81.773717
2014-04-29,2014,04,29,81.531455
2014-04-30,2014,04,30,81.22313
2014-05-01,2014,05,01,81.414463
2014-05-02,2014,05,02,81.565873
2014-05-05,2014,05,05,82.719334
2014-05-06,2014,05,06,81.817764
2014-05-07,2014,05,07,81.531455
2014-05-08,2014,05,08,81.386125
2014-05-09,2014,05,09,81.047012
2014-05-12,2014,05,12,82.05605
2014-05-13,2014,05,13,82.184776
2014-05-14,2014,05,14,82.199996
2014-05-15,2014,05,15,81.501005
2014-05-16,2014,05,16,82.703828
2014-05-19,2014,05,19,83.6838
2014-05-20,2014,05,20,83.70041
2014-05-21,2014,05,21,83.92187
2014-05-22,2014,05,22,84.054744
2014-05-23,2014,05,23,85.004268
2014-05-27,2014,05,27,86.596033
2014-05-28,2014,05,28,86.371801
2014-05-29,2014,05,29,87.945567
2014-05-30,2014,05,30,87.616145
2014-06-02,2014,06,02,87.014043
2014-06-03,2014,06,03,88.244541
2014-06-04,2014,06,04,89.252197
2014-06-05,2014,06,05,89.602383
2014-06-06,2014,06,06,89.356011
2014-06-09,2014,06,09,90.785823
2014-06-10,2014,06,10,91.318721
2014-06-11,2014,06,11,90.940851
2014-06-12,2014,06,12,89.41968
2014-06-13,2014,06,13,88.44109
2014-06-16,2014,06,16,89.332475
2014-06-17,2014,06,17,89.216212
2014-06-18,2014,06,18,89.3131
2014-06-19,2014,06,19,89.003053
2014-06-20,2014,06,20,88.082602
2014-06-23,2014,06,23,88.005088
2014-06-24,2014,06,24,87.472191
2014-06-25,2014,06,25,87.549705
2014-06-26,2014,06,26,88.072911
2014-06-27,2014,06,27,89.119323
2014-06-30,2014,06,30,90.039774
2014-07-01,2014,07,01,90.611421
2014-07-02,2014,07,02,90.572672
2014-07-03,2014,07,03,91.105562
2014-07-07,2014,07,07,92.985228
2014-07-08,2014,07,08,92.384508
2014-07-09,2014,07,09,92.423265
2014-07-10,2014,07,10,92.084152
2014-07-11,2014,07,11,92.258554
2014-07-14,2014,07,14,93.450295
2014-07-15,2014,07,15,92.355442
2014-07-16,2014,07,16,91.832236
2014-07-17,2014,07,17,90.194794
2014-07-18,2014,07,18,91.493123
2014-07-21,2014,07,21,91.018364
2014-07-22,2014,07,22,91.774104
2014-07-23,2014,07,23,94.167286
2014-07-24,2014,07,24,94.012258
2014-07-25,2014,07,25,94.632353
2014-07-28,2014,07,28,95.940365
2014-07-29,2014,07,29,95.32027
2014-07-30,2014,07,30,95.097428
2014-07-31,2014,07,31,92.626733
2014-08-01,2014,08,01,93.140248
2014-08-04,2014,08,04,92.617042
2014-08-05,2014,08,05,92.161665
2014-08-06,2014,08,06,92.006638
2014-08-07,2014,08,07,91.996907
2014-08-08,2014,08,08,92.250068
2014-08-11,2014,08,11,93.467216
2014-08-12,2014,08,12,93.447745
2014-08-13,2014,08,13,94.684364
2014-08-14,2014,08,14,94.937533
2014-08-15,2014,08,15,95.404921
2014-08-18,2014,08,18,96.553909
2014-08-19,2014,08,19,97.887898
2014-08-20,2014,08,20,97.926848
2014-08-21,2014,08,21,97.936587
2014-08-22,2014,08,22,98.657136
2014-08-25,2014,08,25,98.871356
2014-08-26,2014,08,26,98.238437
2014-08-27,2014,08,27,99.445846
2014-08-28,2014,08,28,99.562695
2014-08-29,2014,08,29,99.806124
2014-09-02,2014,09,02,100.585102
2014-09-03,2014,09,03,96.33969
2014-09-04,2014,09,04,95.541241
2014-09-05,2014,09,05,96.3689
2014-09-08,2014,09,08,95.774931
2014-09-09,2014,09,09,95.414653
2014-09-10,2014,09,10,98.345547
2014-09-11,2014,09,11,98.764246
2014-09-12,2014,09,12,98.988204
2014-09-15,2014,09,15,98.958987
2014-09-16,2014,09,16,98.209227
2014-09-17,2014,09,17,98.910305
2014-09-18,2014,09,18,99.114785
2014-09-19,2014,09,19,98.306597
2014-09-22,2014,09,22,98.403968
2014-09-23,2014,09,23,99.942444
2014-09-24,2014,09,24,99.075836
2014-09-25,2014,09,25,95.297811
2014-09-26,2014,09,26,98.102117
2014-09-29,2014,09,29,97.478938
2014-09-30,2014,09,30,98.102117
2014-10-01,2014,10,01,96.57338
2014-10-02,2014,10,02,97.274458
2014-10-03,2014,10,03,97.001818
2014-10-06,2014,10,06,97.001818
2014-10-07,2014,10,07,96.154681
2014-10-08,2014,10,08,98.150806
2014-10-09,2014,10,09,98.365018
2014-10-10,2014,10,10,98.082646
2014-10-13,2014,10,13,97.18682
2014-10-14,2014,10,14,96.154681
2014-10-15,2014,10,15,94.976482
2014-10-16,2014,10,16,93.730124
2014-10-17,2014,10,17,95.103063
2014-10-20,2014,10,20,97.138138
2014-10-21,2014,10,21,99.776914
2014-10-22,2014,10,22,100.283244
2014-10-23,2014,10,23,102.07489
2014-10-24,2014,10,24,102.454639
2014-10-27,2014,10,27,102.34753
2014-10-28,2014,10,28,103.934688
2014-10-29,2014,10,29,104.518917
2014-10-30,2014,10,30,104.168385
2014-10-31,2014,10,31,105.161575
2014-11-03,2014,11,03,106.524782
2014-11-04,2014,11,04,105.745804
2014-11-05,2014,11,05,105.998973
2014-11-06,2014,11,06,106.302129
2014-11-07,2014,11,07,106.605296
2014-11-10,2014,11,10,106.429266
2014-11-11,2014,11,11,107.28007
2014-11-12,2014,11,12,108.795881
2014-11-13,2014,11,13,110.331247
2014-11-14,2014,11,14,111.661247
2014-11-17,2014,11,17,111.475435
2014-11-18,2014,11,18,112.922791
2014-11-19,2014,11,19,112.140435
2014-11-20,2014,11,20,113.744257
2014-11-21,2014,11,21,113.900731
2014-11-24,2014,11,24,116.013079
2014-11-25,2014,11,25,115.005801
2014-11-26,2014,11,26,116.374919
2014-11-28,2014,11,28,116.306464
2014-12-01,2014,12,01,112.531613
2014-12-02,2014,12,02,112.101317
2014-12-03,2014,12,03,113.372642
2014-12-04,2014,12,04,112.942346
2014-12-05,2014,12,05,112.463157
2014-12-08,2014,12,08,109.920514
2014-12-09,2014,12,09,111.602573
2014-12-10,2014,12,10,109.480436
2014-12-11,2014,12,11,109.157721
2014-12-12,2014,12,12,107.309414
2014-12-15,2014,12,15,105.842504
2014-12-16,2014,12,16,104.395148
2014-12-17,2014,12,17,106.996474
2014-12-18,2014,12,18,110.164999
2014-12-19,2014,12,19,109.314188
2014-12-22,2014,12,22,110.448602
2014-12-23,2014,12,23,110.057425
2014-12-24,2014,12,24,109.539117
2014-12-26,2014,12,26,111.475435
2014-12-29,2014,12,29,111.397206
2014-12-30,2014,12,30,110.037862
2014-12-31,2014,12,31,107.94507
2015-01-02,2015,01,02,106.918237
2015-01-05,2015,01,05,103.906178
2015-01-06,2015,01,06,103.91596
2015-01-07,2015,01,07,105.373089
2015-01-08,2015,01,08,109.421762
2015-01-09,2015,01,09,109.539117
2015-01-12,2015,01,12,106.84
2015-01-13,2015,01,13,107.788603
2015-01-14,2015,01,14,107.37787
2015-01-15,2015,01,15,104.463604
2015-01-16,2015,01,16,103.651911
2015-01-20,2015,01,20,106.321692
2015-01-21,2015,01,21,107.133385
2015-01-22,2015,01,22,109.920514
2015-01-23,2015,01,23,110.487721
2015-01-26,2015,01,26,110.605069
2015-01-27,2015,01,27,106.732426
2015-01-28,2015,01,28,112.766317
2015-01-29,2015,01,29,116.277127
2015-01-30,2015,01,30,114.575513
2015-02-02,2015,02,02,116.013079
2015-02-03,2015,02,03,116.032642
2015-02-04,2015,02,04,116.922564
2015-02-05,2015,02,05,117.757104
2015-02-06,2015,02,06,116.765484
2015-02-09,2015,02,09,117.541107
2015-02-10,2015,02,10,119.799242
2015-02-11,2015,02,11,122.607191
2015-02-12,2015,02,12,124.158437
2015-02-13,2015,02,13,124.767156
2015-02-17,2015,02,17,125.503506
2015-02-18,2015,02,18,126.377307
2015-02-19,2015,02,19,126.112217
2015-02-20,2015,02,20,127.14311
2015-02-23,2015,02,23,130.579411
2015-02-24,2015,02,24,129.764515
2015-02-25,2015,02,25,126.446026
2015-02-26,2015,02,26,128.046365
2015-02-27,2015,02,27,126.122045
2015-03-02,2015,03,02,126.740569
2015-03-03,2015,03,03,127.005659
2015-03-04,2015,03,04,126.200576
2015-03-05,2015,03,05,124.109352
2015-03-06,2015,03,06,124.295889
2015-03-09,2015,03,09,124.826061
2015-03-10,2015,03,10,122.24393
2015-03-11,2015,03,11,120.01524
2015-03-12,2015,03,12,122.185017
2015-03-13,2015,03,13,121.340668
2015-03-16,2015,03,16,122.675917
2015-03-17,2015,03,17,124.727883
2015-03-18,2015,03,18,126.131857
2015-03-19,2015,03,19,125.17951
2015-03-20,2015,03,20,123.608631
2015-03-23,2015,03,23,124.894787
2015-03-24,2015,03,24,124.384254
2015-03-25,2015,03,25,121.134491
2015-03-26,2015,03,26,121.97884
2015-03-27,2015,03,27,121.00686
2015-03-30,2015,03,30,124.070079
2015-03-31,2015,03,31,122.165384
2015-04-01,2015,04,01,121.98866
2015-04-02,2015,04,02,123.039186
2015-04-06,2015,04,06,125.032239
2015-04-07,2015,04,07,123.71663
2015-04-08,2015,04,08,123.314088
2015-04-09,2015,04,09,124.256616
2015-04-10,2015,04,10,124.786789
2015-04-13,2015,04,13,124.541339
2015-04-14,2015,04,14,124.001353
2015-04-15,2015,04,15,124.472613
2015-04-16,2015,04,16,123.873714
2015-04-17,2015,04,17,122.47956
2015-04-20,2015,04,20,125.277689
2015-04-21,2015,04,21,124.600252
2015-04-22,2015,04,22,126.279121
2015-04-23,2015,04,23,127.310014
2015-04-24,2015,04,24,127.908913
2015-04-27,2015,04,27,130.235775
2015-04-28,2015,04,28,128.183816
2015-04-29,2015,04,29,126.298762
2015-04-30,2015,04,30,122.872281
2015-05-01,2015,05,01,126.603117
2015-05-04,2015,05,04,126.357667
2015-05-05,2015,05,05,123.510453
2015-05-06,2015,05,06,122.73483
2015-05-07,2015,05,07,123.493969
2015-05-08,2015,05,08,125.820696
2015-05-11,2015,05,11,124.539021
2015-05-12,2015,05,12,124.095369
2015-05-13,2015,05,13,124.233394
2015-05-14,2015,05,14,127.131938
2015-05-15,2015,05,15,126.954483
2015-05-18,2015,05,18,128.354461
2015-05-19,2015,05,19,128.236158
2015-05-20,2015,05,20,128.226289
2015-05-21,2015,05,21,129.537539
2015-05-22,2015,05,22,130.67132
2015-05-26,2015,05,26,127.79249
2015-05-27,2015,05,27,130.178369
2015-05-28,2015,05,28,129.92204
2015-05-29,2015,05,29,128.443189
2015-06-01,2015,06,01,128.699517
2015-06-02,2015,06,02,128.127708
2015-06-03,2015,06,03,128.285441
2015-06-04,2015,06,04,127.536161
2015-06-05,2015,06,05,126.836165
2015-06-08,2015,06,08,125.998158
2015-06-09,2015,06,09,125.623511
2015-06-10,2015,06,10,127.062933
2015-06-11,2015,06,11,126.777013
2015-06-12,2015,06,12,125.377036
2015-06-15,2015,06,15,125.13056
2015-06-16,2015,06,16,125.800973
2015-06-17,2015,06,17,125.505208
2015-06-18,2015,06,18,126.077025
2015-06-19,2015,06,19,124.815072
2015-06-22,2015,06,22,125.810835
2015-06-23,2015,06,23,125.23901
2015-06-24,2015,06,24,126.303785
2015-06-25,2015,06,25,125.702385
2015-06-26,2015,06,26,124.962959
2015-06-29,2015,06,29,122.774258
2015-06-30,2015,06,30,123.66157
2015-07-01,2015,07,01,124.815072
2015-07-02,2015,07,02,124.657332
2015-07-06,2015,07,06,124.223533
2015-07-07,2015,07,07,123.917906
2015-07-08,2015,07,08,120.841892
2015-07-09,2015,07,09,118.37714
2015-07-10,2015,07,10,121.541881
2015-07-13,2015,07,13,123.888331
2015-07-14,2015,07,14,123.839032
2015-07-15,2015,07,15,125.031972
2015-07-16,2015,07,16,126.69814
2015-07-17,2015,07,17,127.79249
2015-07-20,2015,07,20,130.20796
2015-07-21,2015,07,21,128.906563
2015-07-22,2015,07,22,123.454532
2015-07-23,2015,07,23,123.39538
2015-07-24,2015,07,24,122.744682
2015-07-27,2015,07,27,121.03907
2015-07-28,2015,07,28,121.64047
2015-07-29,2015,07,29,121.255969
2015-07-30,2015,07,30,120.644715
2015-07-31,2015,07,31,119.589801
2015-08-03,2015,08,03,116.770124
2015-08-04,2015,08,04,113.023697
2015-08-05,2015,08,05,113.772984
2015-08-06,2015,08,06,114.020572
2015-08-07,2015,08,07,114.406813
2015-08-10,2015,08,10,118.566345
2015-08-11,2015,08,11,112.396376
2015-08-12,2015,08,12,114.129513
2015-08-13,2015,08,13,114.040384
2015-08-14,2015,08,14,114.842576
2015-08-17,2015,08,17,116.031017
2015-08-18,2015,08,18,115.377373
2015-08-19,2015,08,19,113.901733
2015-08-20,2015,08,20,111.564474
2015-08-21,2015,08,21,104.740869
2015-08-24,2015,08,24,102.126309
2015-08-25,2015,08,25,102.74033
2015-08-26,2015,08,26,108.632999
2015-08-27,2015,08,27,111.831869
2015-08-28,2015,08,28,112.198306
2015-08-31,2015,08,31,111.673415
2015-09-01,2015,09,01,106.681981
2015-09-02,2015,09,02,111.257456
2015-09-03,2015,09,03,109.306446
2015-09-04,2015,09,04,108.21704
2015-09-08,2015,09,08,111.227747
2015-09-09,2015,09,09,109.088565
2015-09-10,2015,09,10,111.485243
2015-09-11,2015,09,11,113.109439
2015-09-14,2015,09,14,114.198838
2015-09-15,2015,09,15,115.159492
2015-09-16,2015,09,16,115.288244
2015-09-17,2015,09,17,112.822233
2015-09-18,2015,09,18,112.356761
2015-09-21,2015,09,21,114.099803
2015-09-22,2015,09,22,112.307247
2015-09-23,2015,09,23,113.21838
2015-09-24,2015,09,24,113.891827
2015-09-25,2015,09,25,113.604621
2015-09-28,2015,09,28,111.356499
2015-09-29,2015,09,29,108.009065
2015-09-30,2015,09,30,109.237121
2015-10-01,2015,10,01,108.524058
2015-10-02,2015,10,02,109.316344
2015-10-05,2015,10,05,109.712491
2015-10-06,2015,10,06,110.237383
2015-10-07,2015,10,07,109.712491
2015-10-08,2015,10,08,108.444827
2015-10-09,2015,10,09,111.039583
2015-10-12,2015,10,12,110.524589
2015-10-13,2015,10,13,110.712761
2015-10-14,2015,10,14,109.147984
2015-10-15,2015,10,15,110.782086
2015-10-16,2015,10,16,109.969988
2015-10-19,2015,10,19,110.653341
2015-10-20,2015,10,20,112.673677
2015-10-21,2015,10,21,112.663779
2015-10-22,2015,10,22,114.387009
2015-10-23,2015,10,23,117.932513
2015-10-26,2015,10,26,114.169128
2015-10-27,2015,10,27,113.446167
2015-10-28,2015,10,28,118.120677
2015-10-29,2015,10,29,119.368538
2015-10-30,2015,10,30,118.348464
2015-11-02,2015,11,02,120.012276
2015-11-03,2015,11,03,121.388881
2015-11-04,2015,11,04,120.824373
2015-11-05,2015,11,05,120.267398
2015-11-06,2015,11,06,120.406641
2015-11-09,2015,11,09,119.919288
2015-11-10,2015,11,10,116.139793
2015-11-11,2015,11,11,115.483359
2015-11-12,2015,11,12,115.095465
2015-11-13,2015,11,13,111.733702
2015-11-16,2015,11,16,113.563775
2015-11-17,2015,11,17,113.076422
2015-11-18,2015,11,18,116.656991
2015-11-19,2015,11,19,118.138948
2015-11-20,2015,11,20,118.656145
2015-11-23,2015,11,23,117.114508
2015-11-24,2015,11,24,118.238406
2015-11-25,2015,11,25,117.392995
2015-11-27,2015,11,27,117.174181
2015-11-30,2015,11,30,117.661542
2015-12-01,2015,12,01,116.706717
2015-12-02,2015,12,02,115.65244
2015-12-03,2015,12,03,114.578267
2015-12-04,2015,12,04,118.387598
2015-12-07,2015,12,07,117.641646
2015-12-08,2015,12,08,117.591921
2015-12-09,2015,12,09,114.996006
2015-12-10,2015,12,10,115.543033
2015-12-11,2015,12,11,112.569172
2015-12-14,2015,12,14,111.872953
2015-12-15,2015,12,15,109.893688
2015-12-16,2015,12,16,110.739099
2015-12-17,2015,12,17,108.391842
2015-12-18,2015,12,18,105.457759
2015-12-21,2015,12,21,106.750746
2015-12-22,2015,12,22,106.651287
2015-12-23,2015,12,23,108.023837
2015-12-24,2015,12,24,107.446965
2015-12-28,2015,12,28,106.243496
2015-12-29,2015,12,29,108.153132
2015-12-30,2015,12,30,106.740798
2015-12-31,2015,12,31,104.691918