Date,Year,Month,USD
2005-01-03,2005,1,1.3507
2005-01-04,2005,1,1.3365
2005-01-05,2005,1,1.3224
2005-01-06,2005,1,1.3183
2005-01-07,2005,1,1.32
2005-01-10,2005,1,1.3103
2005-01-11,2005,1,1.3143
2005-01-12,2005,1,1.3139
2005-01-13,2005,1,1.3232
2005-01-14,2005,1,1.3091
2005-01-17,2005,1,1.3085
2005-01-18,2005,1,1.306
2005-01-19,2005,1,1.3083
2005-01-20,2005,1,1.2936
2005-01-21,2005,1,1.2963
2005-01-24,2005,1,1.3065
2005-01-25,2005,1,1.3025
2005-01-26,2005,1,1.3005
2005-01-27,2005,1,1.3026
2005-01-28,2005,1,1.3035
2005-01-31,2005,1,1.3035
2005-02-01,2005,2,1.3027
2005-02-02,2005,2,1.3061
2005-02-03,2005,2,1.3001
2005-02-04,2005,2,1.2958
2005-02-07,2005,2,1.2844
2005-02-08,2005,2,1.2764
2005-02-09,2005,2,1.2762
2005-02-10,2005,2,1.2777
2005-02-11,2005,2,1.2855
2005-02-14,2005,2,1.2967
2005-02-15,2005,2,1.3016
2005-02-16,2005,2,1.304
2005-02-17,2005,2,1.3041
2005-02-18,2005,2,1.3039
2005-02-21,2005,2,1.3055
2005-02-22,2005,2,1.3193
2005-02-23,2005,2,1.3203
2005-02-24,2005,2,1.326
2005-02-25,2005,2,1.3165
2005-02-28,2005,2,1.3257
2005-03-01,2005,3,1.3216
2005-03-02,2005,3,1.3101
2005-03-03,2005,3,1.3144
2005-03-04,2005,3,1.3115
2005-03-07,2005,3,1.3197
2005-03-08,2005,3,1.3246
2005-03-09,2005,3,1.3346
2005-03-10,2005,3,1.3409
2005-03-11,2005,3,1.3416
2005-03-14,2005,3,1.3372
2005-03-15,2005,3,1.3383
2005-03-16,2005,3,1.3373
2005-03-17,2005,3,1.3378
2005-03-18,2005,3,1.3279
2005-03-21,2005,3,1.3199
2005-03-22,2005,3,1.3175
2005-03-23,2005,3,1.305
2005-03-24,2005,3,1.2982
2005-03-29,2005,3,1.2926
2005-03-30,2005,3,1.2943
2005-03-31,2005,3,1.2964
2005-04-01,2005,4,1.2959
2005-04-04,2005,4,1.2883
2005-04-05,2005,4,1.281
2005-04-06,2005,4,1.286
2005-04-07,2005,4,1.2923
2005-04-08,2005,4,1.2819
2005-04-11,2005,4,1.2971
2005-04-12,2005,4,1.2985
2005-04-13,2005,4,1.2922
2005-04-14,2005,4,1.282
2005-04-15,2005,4,1.2868
2005-04-18,2005,4,1.2967
2005-04-19,2005,4,1.2996
2005-04-20,2005,4,1.3049
2005-04-21,2005,4,1.3058
2005-04-22,2005,4,1.3077
2005-04-25,2005,4,1.2966
2005-04-26,2005,4,1.2981
2005-04-27,2005,4,1.292
2005-04-28,2005,4,1.2905
2005-04-29,2005,4,1.2957
2005-05-02,2005,5,1.2863
2005-05-03,2005,5,1.2856
2005-05-04,2005,5,1.2953
2005-05-05,2005,5,1.2954
2005-05-06,2005,5,1.2947
2005-05-09,2005,5,1.2824
2005-05-10,2005,5,1.2854
2005-05-11,2005,5,1.2882
2005-05-12,2005,5,1.2771
2005-05-13,2005,5,1.2635
2005-05-16,2005,5,1.2616
2005-05-17,2005,5,1.2636
2005-05-18,2005,5,1.2621
2005-05-19,2005,5,1.2642
2005-05-20,2005,5,1.2607
2005-05-23,2005,5,1.2548
2005-05-24,2005,5,1.2617
2005-05-25,2005,5,1.2564
2005-05-26,2005,5,1.2523
2005-05-27,2005,5,1.2551
2005-05-30,2005,5,1.2472
2005-05-31,2005,5,1.2331
2005-06-01,2005,6,1.2228
2005-06-02,2005,6,1.2263
2005-06-03,2005,6,1.2289
2005-06-06,2005,6,1.2272
2005-06-07,2005,6,1.2285
2005-06-08,2005,6,1.2324
2005-06-09,2005,6,1.2239
2005-06-10,2005,6,1.2229
2005-06-13,2005,6,1.2062
2005-06-14,2005,6,1.211
2005-06-15,2005,6,1.2069
2005-06-16,2005,6,1.2115
2005-06-17,2005,6,1.2177
2005-06-20,2005,6,1.221
2005-06-21,2005,6,1.2092
2005-06-22,2005,6,1.2111
2005-06-23,2005,6,1.2066
2005-06-24,2005,6,1.2082
2005-06-27,2005,6,1.2164
2005-06-28,2005,6,1.2095
2005-06-29,2005,6,1.2054
2005-06-30,2005,6,1.2092
2005-07-01,2005,7,1.2087
2005-07-04,2005,7,1.1894
2005-07-05,2005,7,1.1883
2005-07-06,2005,7,1.1913
2005-07-07,2005,7,1.1957
2005-07-08,2005,7,1.1904
2005-07-11,2005,7,1.2006
2005-07-12,2005,7,1.2166
2005-07-13,2005,7,1.2184
2005-07-14,2005,7,1.2067
2005-07-15,2005,7,1.2073
2005-07-18,2005,7,1.2054
2005-07-19,2005,7,1.1965
2005-07-20,2005,7,1.2063
2005-07-21,2005,7,1.2187
2005-07-22,2005,7,1.2143
2005-07-25,2005,7,1.2065
2005-07-26,2005,7,1.1987
2005-07-27,2005,7,1.199
2005-07-28,2005,7,1.21
2005-07-29,2005,7,1.2093
2005-08-01,2005,8,1.2219
2005-08-02,2005,8,1.2217
2005-08-03,2005,8,1.2308
2005-08-04,2005,8,1.2319
2005-08-05,2005,8,1.2386
2005-08-08,2005,8,1.237
2005-08-09,2005,8,1.2367
2005-08-10,2005,8,1.2377
2005-08-11,2005,8,1.2405
2005-08-12,2005,8,1.2457
2005-08-15,2005,8,1.2374
2005-08-16,2005,8,1.2313
2005-08-17,2005,8,1.2296
2005-08-18,2005,8,1.2213
2005-08-19,2005,8,1.2183
2005-08-22,2005,8,1.2231
2005-08-23,2005,8,1.2233
2005-08-24,2005,8,1.2211
2005-08-25,2005,8,1.2272
2005-08-26,2005,8,1.2307
2005-08-29,2005,8,1.2289
2005-08-30,2005,8,1.2181
2005-08-31,2005,8,1.2198
2005-09-01,2005,9,1.2388
2005-09-02,2005,9,1.2541
2005-09-05,2005,9,1.2538
2005-09-06,2005,9,1.2483
2005-09-07,2005,9,1.2451
2005-09-08,2005,9,1.2418
2005-09-09,2005,9,1.2415
2005-09-12,2005,9,1.2313
2005-09-13,2005,9,1.2276
2005-09-14,2005,9,1.2314
2005-09-15,2005,9,1.2223
2005-09-16,2005,9,1.2243
2005-09-19,2005,9,1.2139
2005-09-20,2005,9,1.2154
2005-09-21,2005,9,1.2225
2005-09-22,2005,9,1.2224
2005-09-23,2005,9,1.2118
2005-09-26,2005,9,1.2031
2005-09-27,2005,9,1.2005
2005-09-28,2005,9,1.2037
2005-09-29,2005,9,1.2063
2005-09-30,2005,9,1.2042
2005-10-03,2005,10,1.1933
2005-10-04,2005,10,1.1938
2005-10-05,2005,10,1.1947
2005-10-06,2005,10,1.2061
2005-10-07,2005,10,1.2144
2005-10-10,2005,10,1.2088
2005-10-11,2005,10,1.2022
2005-10-12,2005,10,1.2008
2005-10-13,2005,10,1.198
2005-10-14,2005,10,1.1999
2005-10-17,2005,10,1.2022
2005-10-18,2005,10,1.1937
2005-10-19,2005,10,1.195
2005-10-20,2005,10,1.1953
2005-10-21,2005,10,1.2012
2005-10-24,2005,10,1.1944
2005-10-25,2005,10,1.2017
2005-10-26,2005,10,1.2059
2005-10-27,2005,10,1.213
2005-10-28,2005,10,1.2138
2005-10-31,2005,10,1.2023
2005-11-01,2005,11,1.2008
2005-11-02,2005,11,1.1992
2005-11-03,2005,11,1.2041
2005-11-04,2005,11,1.1933
2005-11-07,2005,11,1.1824
2005-11-08,2005,11,1.1741
2005-11-09,2005,11,1.1738
2005-11-10,2005,11,1.1762
2005-11-11,2005,11,1.1697
2005-11-14,2005,11,1.1713
2005-11-15,2005,11,1.1667
2005-11-16,2005,11,1.1677
2005-11-17,2005,11,1.1692
2005-11-18,2005,11,1.1679
2005-11-21,2005,11,1.1811
2005-11-22,2005,11,1.1701
2005-11-23,2005,11,1.1776
2005-11-24,2005,11,1.1783
2005-11-25,2005,11,1.1763
2005-11-28,2005,11,1.1726
2005-11-29,2005,11,1.1793
2005-11-30,2005,11,1.1769
2005-12-01,2005,12,1.1745
2005-12-02,2005,12,1.1697
2005-12-05,2005,12,1.1767
2005-12-06,2005,12,1.1783
2005-12-07,2005,12,1.171
2005-12-08,2005,12,1.1764
2005-12-09,2005,12,1.1785
2005-12-12,2005,12,1.1925
2005-12-13,2005,12,1.1925
2005-12-14,2005,12,1.202
2005-12-15,2005,12,1.1999
2005-12-16,2005,12,1.1983
2005-12-19,2005,12,1.1977
2005-12-20,2005,12,1.1955
2005-12-21,2005,12,1.1872
2005-12-22,2005,12,1.1822
2005-12-23,2005,12,1.1859
2005-12-27,2005,12,1.1852
2005-12-28,2005,12,1.1916
2005-12-29,2005,12,1.1825
2005-12-30,2005,12,1.1797
2006-01-02,2006,1,1.1826
2006-01-03,2006,1,1.1875
2006-01-04,2006,1,1.2083
2006-01-05,2006,1,1.2088
2006-01-06,2006,1,1.2093
2006-01-09,2006,1,1.2078
2006-01-10,2006,1,1.2064
2006-01-11,2006,1,1.2088
2006-01-12,2006,1,1.2113
2006-01-13,2006,1,1.2039
2006-01-16,2006,1,1.2112
2006-01-17,2006,1,1.2075
2006-01-18,2006,1,1.2125
2006-01-19,2006,1,1.2073
2006-01-20,2006,1,1.2068
2006-01-23,2006,1,1.2277
2006-01-24,2006,1,1.2272
2006-01-25,2006,1,1.2294
2006-01-26,2006,1,1.2254
2006-01-27,2006,1,1.2172
2006-01-30,2006,1,1.2082
2006-01-31,2006,1,1.2118
2006-02-01,2006,2,1.2092
2006-02-02,2006,2,1.2066
2006-02-03,2006,2,1.2061
2006-02-06,2006,2,1.1981
2006-02-07,2006,2,1.1973
2006-02-08,2006,2,1.1948
2006-02-09,2006,2,1.1972
2006-02-10,2006,2,1.197
2006-02-13,2006,2,1.1888
2006-02-14,2006,2,1.1898
2006-02-15,2006,2,1.1904
2006-02-16,2006,2,1.1858
2006-02-17,2006,2,1.1863
2006-02-20,2006,2,1.1932
2006-02-21,2006,2,1.1906
2006-02-22,2006,2,1.1875
2006-02-23,2006,2,1.1957
2006-02-24,2006,2,1.1896
2006-02-27,2006,2,1.1852
2006-02-28,2006,2,1.1875
2006-03-01,2006,3,1.1954
2006-03-02,2006,3,1.1921
2006-03-03,2006,3,1.202
2006-03-06,2006,3,1.2017
2006-03-07,2006,3,1.1913
2006-03-08,2006,3,1.1914
2006-03-09,2006,3,1.192
2006-03-10,2006,3,1.1919
2006-03-13,2006,3,1.1922
2006-03-14,2006,3,1.1948
2006-03-15,2006,3,1.2026
2006-03-16,2006,3,1.2069
2006-03-17,2006,3,1.2185
2006-03-20,2006,3,1.2174
2006-03-21,2006,3,1.2144
2006-03-22,2006,3,1.2069
2006-03-23,2006,3,1.2055
2006-03-24,2006,3,1.1969
2006-03-27,2006,3,1.2025
2006-03-28,2006,3,1.2084
2006-03-29,2006,3,1.2012
2006-03-30,2006,3,1.2096
2006-03-31,2006,3,1.2104
2006-04-03,2006,4,1.2063
2006-04-04,2006,4,1.2217
2006-04-05,2006,4,1.2262
2006-04-06,2006,4,1.2312
2006-04-07,2006,4,1.2179
2006-04-10,2006,4,1.2099
2006-04-11,2006,4,1.2105
2006-04-12,2006,4,1.2125
2006-04-13,2006,4,1.2094
2006-04-18,2006,4,1.2252
2006-04-19,2006,4,1.2346
2006-04-20,2006,4,1.2346
2006-04-21,2006,4,1.2315
2006-04-24,2006,4,1.2365
2006-04-25,2006,4,1.2425
2006-04-26,2006,4,1.2425
2006-04-27,2006,4,1.2414
2006-04-28,2006,4,1.2537
2006-05-02,2006,5,1.2643
2006-05-03,2006,5,1.2622
2006-05-04,2006,5,1.2592
2006-05-05,2006,5,1.2688
2006-05-08,2006,5,1.2756
2006-05-09,2006,5,1.2697
2006-05-10,2006,5,1.2779
2006-05-11,2006,5,1.2716
2006-05-12,2006,5,1.2914
2006-05-15,2006,5,1.2826
2006-05-16,2006,5,1.2817
2006-05-17,2006,5,1.2882
2006-05-18,2006,5,1.277
2006-05-19,2006,5,1.2767
2006-05-22,2006,5,1.2753
2006-05-23,2006,5,1.2841
2006-05-24,2006,5,1.2851
2006-05-25,2006,5,1.2755
2006-05-26,2006,5,1.2797
2006-05-29,2006,5,1.2758
2006-05-30,2006,5,1.2839
2006-05-31,2006,5,1.2868
2006-06-01,2006,6,1.2736
2006-06-02,2006,6,1.2815
2006-06-05,2006,6,1.2958
2006-06-06,2006,6,1.2847
2006-06-07,2006,6,1.2789
2006-06-08,2006,6,1.2735
2006-06-09,2006,6,1.2659
2006-06-12,2006,6,1.2572
2006-06-13,2006,6,1.2571
2006-06-14,2006,6,1.2563
2006-06-15,2006,6,1.261
2006-06-16,2006,6,1.2651
2006-06-19,2006,6,1.2591
2006-06-20,2006,6,1.2546
2006-06-21,2006,6,1.2632
2006-06-22,2006,6,1.2582
2006-06-23,2006,6,1.2502
2006-06-26,2006,6,1.2561
2006-06-27,2006,6,1.2567
2006-06-28,2006,6,1.257
2006-06-29,2006,6,1.2529
2006-06-30,2006,6,1.2713
2006-07-03,2006,7,1.279
2006-07-04,2006,7,1.2791
2006-07-05,2006,7,1.2794
2006-07-06,2006,7,1.2735
2006-07-07,2006,7,1.2778
2006-07-10,2006,7,1.2752
2006-07-11,2006,7,1.2736
2006-07-12,2006,7,1.2722
2006-07-13,2006,7,1.2692
2006-07-14,2006,7,1.2666
2006-07-17,2006,7,1.2541
2006-07-18,2006,7,1.2531
2006-07-19,2006,7,1.2482
2006-07-20,2006,7,1.2643
2006-07-21,2006,7,1.268
2006-07-24,2006,7,1.2633
2006-07-25,2006,7,1.2636
2006-07-26,2006,7,1.2587
2006-07-27,2006,7,1.2737
2006-07-28,2006,7,1.2664
2006-07-31,2006,7,1.2767
2006-08-01,2006,8,1.2759
2006-08-02,2006,8,1.2798
2006-08-03,2006,8,1.2781
2006-08-04,2006,8,1.2792
2006-08-07,2006,8,1.285
2006-08-08,2006,8,1.2839
2006-08-09,2006,8,1.2879
2006-08-10,2006,8,1.2857
2006-08-11,2006,8,1.2775
2006-08-14,2006,8,1.2718
2006-08-15,2006,8,1.2725
2006-08-16,2006,8,1.2793
2006-08-17,2006,8,1.2879
2006-08-18,2006,8,1.2802
2006-08-21,2006,8,1.2919
2006-08-22,2006,8,1.2812
2006-08-23,2006,8,1.2812
2006-08-24,2006,8,1.2831
2006-08-25,2006,8,1.2762
2006-08-28,2006,8,1.28
2006-08-29,2006,8,1.2808
2006-08-30,2006,8,1.2818
2006-08-31,2006,8,1.2851
2006-09-01,2006,9,1.2817
2006-09-04,2006,9,1.2852
2006-09-05,2006,9,1.281
2006-09-06,2006,9,1.2793
2006-09-07,2006,9,1.2731
2006-09-08,2006,9,1.2713
2006-09-11,2006,9,1.2713
2006-09-12,2006,9,1.2709
2006-09-13,2006,9,1.2677
2006-09-14,2006,9,1.2723
2006-09-15,2006,9,1.2675
2006-09-18,2006,9,1.2665
2006-09-19,2006,9,1.2654
2006-09-20,2006,9,1.2676
2006-09-21,2006,9,1.2731
2006-09-22,2006,9,1.2817
2006-09-25,2006,9,1.2768
2006-09-26,2006,9,1.2695
2006-09-27,2006,9,1.2684
2006-09-28,2006,9,1.2713
2006-09-29,2006,9,1.266
2006-10-02,2006,10,1.2685
2006-10-03,2006,10,1.2737
2006-10-04,2006,10,1.2684
2006-10-05,2006,10,1.2721
2006-10-06,2006,10,1.2664
2006-10-09,2006,10,1.2603
2006-10-10,2006,10,1.2538
2006-10-11,2006,10,1.2543
2006-10-12,2006,10,1.2531
2006-10-13,2006,10,1.255
2006-10-16,2006,10,1.2515
2006-10-17,2006,10,1.2524
2006-10-18,2006,10,1.2543
2006-10-19,2006,10,1.2561
2006-10-20,2006,10,1.2618
2006-10-23,2006,10,1.2556
2006-10-24,2006,10,1.2541
2006-10-25,2006,10,1.258
2006-10-26,2006,10,1.2653
2006-10-27,2006,10,1.2683
2006-10-30,2006,10,1.2717
2006-10-31,2006,10,1.2696
2006-11-01,2006,11,1.2757
2006-11-02,2006,11,1.2767
2006-11-03,2006,11,1.276
2006-11-06,2006,11,1.2702
2006-11-07,2006,11,1.2755
2006-11-08,2006,11,1.2776
2006-11-09,2006,11,1.2796
2006-11-10,2006,11,1.2864
2006-11-13,2006,11,1.283
2006-11-14,2006,11,1.2824
2006-11-15,2006,11,1.2792
2006-11-16,2006,11,1.2804
2006-11-17,2006,11,1.2774
2006-11-20,2006,11,1.2841
2006-11-21,2006,11,1.2814
2006-11-22,2006,11,1.2886
2006-11-23,2006,11,1.2953
2006-11-24,2006,11,1.3078
2006-11-27,2006,11,1.3114
2006-11-28,2006,11,1.3147
2006-11-29,2006,11,1.3157
2006-11-30,2006,11,1.32
2006-12-01,2006,12,1.3244
2006-12-04,2006,12,1.3309
2006-12-05,2006,12,1.3331
2006-12-06,2006,12,1.3274
2006-12-07,2006,12,1.3297
2006-12-08,2006,12,1.3276
2006-12-11,2006,12,1.3177
2006-12-12,2006,12,1.3244
2006-12-13,2006,12,1.3265
2006-12-14,2006,12,1.3192
2006-12-15,2006,12,1.3106
2006-12-18,2006,12,1.3095
2006-12-19,2006,12,1.3158
2006-12-20,2006,12,1.3203
2006-12-21,2006,12,1.3178
2006-12-22,2006,12,1.3192
2006-12-27,2006,12,1.3159
2006-12-28,2006,12,1.3173
2006-12-29,2006,12,1.317
2007-01-02,2007,1,1.327
2007-01-03,2007,1,1.3231
2007-01-04,2007,1,1.3106
2007-01-05,2007,1,1.3084
2007-01-08,2007,1,1.3006
2007-01-09,2007,1,1.3018
2007-01-10,2007,1,1.2988
2007-01-11,2007,1,1.2984
2007-01-12,2007,1,1.2893
2007-01-15,2007,1,1.2941
2007-01-16,2007,1,1.2953
2007-01-17,2007,1,1.2909
2007-01-18,2007,1,1.2922
2007-01-19,2007,1,1.2958
2007-01-22,2007,1,1.2936
2007-01-23,2007,1,1.304
2007-01-24,2007,1,1.3005
2007-01-25,2007,1,1.2978
2007-01-26,2007,1,1.2901
2007-01-29,2007,1,1.2921
2007-01-30,2007,1,1.2972
2007-01-31,2007,1,1.2954
2007-02-01,2007,2,1.302
2007-02-02,2007,2,1.302
2007-02-05,2007,2,1.2925
2007-02-06,2007,2,1.2955
2007-02-07,2007,2,1.2987
2007-02-08,2007,2,1.2991
2007-02-09,2007,2,1.3007
2007-02-12,2007,2,1.2956
2007-02-13,2007,2,1.3022
2007-02-14,2007,2,1.3082
2007-02-15,2007,2,1.3137
2007-02-16,2007,2,1.3119
2007-02-19,2007,2,1.3132
2007-02-20,2007,2,1.3145
2007-02-21,2007,2,1.3145
2007-02-22,2007,2,1.3106
2007-02-23,2007,2,1.3134
2007-02-26,2007,2,1.316
2007-02-27,2007,2,1.323
2007-02-28,2007,2,1.3211
2007-03-01,2007,3,1.3225
2007-03-02,2007,3,1.3163
2007-03-05,2007,3,1.3083
2007-03-06,2007,3,1.31
2007-03-07,2007,3,1.3135
2007-03-08,2007,3,1.3152
2007-03-09,2007,3,1.3155
2007-03-12,2007,3,1.3156
2007-03-13,2007,3,1.3218
2007-03-14,2007,3,1.3183
2007-03-15,2007,3,1.3226
2007-03-16,2007,3,1.3325
2007-03-19,2007,3,1.3303
2007-03-20,2007,3,1.3296
2007-03-21,2007,3,1.3293
2007-03-22,2007,3,1.3351
2007-03-23,2007,3,1.3327
2007-03-26,2007,3,1.3265
2007-03-27,2007,3,1.3347
2007-03-28,2007,3,1.3348
2007-03-29,2007,3,1.3352
2007-03-30,2007,3,1.3318
2007-04-02,2007,4,1.3366
2007-04-03,2007,4,1.3358
2007-04-04,2007,4,1.3352
2007-04-05,2007,4,1.3373
2007-04-10,2007,4,1.3426
2007-04-11,2007,4,1.3418
2007-04-12,2007,4,1.3467
2007-04-13,2007,4,1.3532
2007-04-16,2007,4,1.355
2007-04-17,2007,4,1.3549
2007-04-18,2007,4,1.3577
2007-04-19,2007,4,1.3601
2007-04-20,2007,4,1.3606
2007-04-23,2007,4,1.3557
2007-04-24,2007,4,1.3582
2007-04-25,2007,4,1.3649
2007-04-26,2007,4,1.3596
2007-04-27,2007,4,1.3643
2007-04-30,2007,4,1.3605
2007-05-02,2007,5,1.3588
2007-05-03,2007,5,1.3613
2007-05-04,2007,5,1.3561
2007-05-07,2007,5,1.3615
2007-05-08,2007,5,1.3558
2007-05-09,2007,5,1.3535
2007-05-10,2007,5,1.3527
2007-05-11,2007,5,1.3486
2007-05-14,2007,5,1.3549
2007-05-15,2007,5,1.3538
2007-05-16,2007,5,1.3574
2007-05-17,2007,5,1.3516
2007-05-18,2007,5,1.3477
2007-05-21,2007,5,1.3444
2007-05-22,2007,5,1.3454
2007-05-23,2007,5,1.349
2007-05-24,2007,5,1.3448
2007-05-25,2007,5,1.3441
2007-05-28,2007,5,1.3453
2007-05-29,2007,5,1.3509
2007-05-30,2007,5,1.342
2007-05-31,2007,5,1.3453
2007-06-01,2007,6,1.3436
2007-06-04,2007,6,1.3482
2007-06-05,2007,6,1.3532
2007-06-06,2007,6,1.3513
2007-06-07,2007,6,1.347
2007-06-08,2007,6,1.3349
2007-06-11,2007,6,1.3355
2007-06-12,2007,6,1.3345
2007-06-13,2007,6,1.3287
2007-06-14,2007,6,1.3304
2007-06-15,2007,6,1.3314
2007-06-18,2007,6,1.3404
2007-06-19,2007,6,1.3403
2007-06-20,2007,6,1.3427
2007-06-21,2007,6,1.3397
2007-06-22,2007,6,1.3441
2007-06-25,2007,6,1.3461
2007-06-26,2007,6,1.346
2007-06-27,2007,6,1.3438
2007-06-28,2007,6,1.3467
2007-06-29,2007,6,1.3505
2007-07-02,2007,7,1.3588
2007-07-03,2007,7,1.3601
2007-07-04,2007,7,1.3618
2007-07-05,2007,7,1.364
2007-07-06,2007,7,1.3596
2007-07-09,2007,7,1.3621
2007-07-10,2007,7,1.3666
2007-07-11,2007,7,1.3753
2007-07-12,2007,7,1.3788
2007-07-13,2007,7,1.3782
2007-07-16,2007,7,1.3781
2007-07-17,2007,7,1.3771
2007-07-18,2007,7,1.3779
2007-07-19,2007,7,1.382
2007-07-20,2007,7,1.3803
2007-07-23,2007,7,1.3821
2007-07-24,2007,7,1.3833
2007-07-25,2007,7,1.3743
2007-07-26,2007,7,1.3722
2007-07-27,2007,7,1.3651
2007-07-30,2007,7,1.3659
2007-07-31,2007,7,1.3707
2007-08-01,2007,8,1.3663
2007-08-02,2007,8,1.3664
2007-08-03,2007,8,1.3694
2007-08-06,2007,8,1.3818
2007-08-07,2007,8,1.3794
2007-08-08,2007,8,1.3794
2007-08-09,2007,8,1.3729
2007-08-10,2007,8,1.365
2007-08-13,2007,8,1.3651
2007-08-14,2007,8,1.3591
2007-08-15,2007,8,1.3476
2007-08-16,2007,8,1.3405
2007-08-17,2007,8,1.3454
2007-08-20,2007,8,1.3476
2007-08-21,2007,8,1.3508
2007-08-22,2007,8,1.3493
2007-08-23,2007,8,1.3574
2007-08-24,2007,8,1.3615
2007-08-27,2007,8,1.3658
2007-08-28,2007,8,1.3664
2007-08-29,2007,8,1.3631
2007-08-30,2007,8,1.361
2007-08-31,2007,8,1.3705
2007-09-03,2007,9,1.3632
2007-09-04,2007,9,1.358
2007-09-05,2007,9,1.3588
2007-09-06,2007,9,1.3669
2007-09-07,2007,9,1.3696
2007-09-10,2007,9,1.3795
2007-09-11,2007,9,1.3824
2007-09-12,2007,9,1.3885
2007-09-13,2007,9,1.3897
2007-09-14,2007,9,1.386
2007-09-17,2007,9,1.3877
2007-09-18,2007,9,1.3867
2007-09-19,2007,9,1.3975
2007-09-20,2007,9,1.403
2007-09-21,2007,9,1.4049
2007-09-24,2007,9,1.4113
2007-09-25,2007,9,1.4106
2007-09-26,2007,9,1.4127
2007-09-27,2007,9,1.418
2007-09-28,2007,9,1.4179
2007-10-01,2007,10,1.4232
2007-10-02,2007,10,1.4165
2007-10-03,2007,10,1.4195
2007-10-04,2007,10,1.4109
2007-10-05,2007,10,1.4136
2007-10-08,2007,10,1.4089
2007-10-09,2007,10,1.4037
2007-10-10,2007,10,1.4146
2007-10-11,2007,10,1.4199
2007-10-12,2007,10,1.4173
2007-10-15,2007,10,1.4226
2007-10-16,2007,10,1.415
2007-10-17,2007,10,1.42
2007-10-18,2007,10,1.4299
2007-10-19,2007,10,1.4288
2007-10-22,2007,10,1.4166
2007-10-23,2007,10,1.4254
2007-10-24,2007,10,1.423
2007-10-25,2007,10,1.4309
2007-10-26,2007,10,1.4384
2007-10-29,2007,10,1.4391
2007-10-30,2007,10,1.4407
2007-10-31,2007,10,1.4447
2007-11-01,2007,11,1.4423
2007-11-02,2007,11,1.4479
2007-11-05,2007,11,1.4488
2007-11-06,2007,11,1.4547
2007-11-07,2007,11,1.4722
2007-11-08,2007,11,1.4666
2007-11-09,2007,11,1.4683
2007-11-12,2007,11,1.4579
2007-11-13,2007,11,1.4607
2007-11-14,2007,11,1.47
2007-11-15,2007,11,1.4639
2007-11-16,2007,11,1.4651
2007-11-19,2007,11,1.4654
2007-11-20,2007,11,1.4785
2007-11-21,2007,11,1.4814
2007-11-22,2007,11,1.4829
2007-11-23,2007,11,1.4809
2007-11-26,2007,11,1.4845
2007-11-27,2007,11,1.4874
2007-11-28,2007,11,1.4747
2007-11-29,2007,11,1.4738
2007-11-30,2007,11,1.4761
2007-12-03,2007,12,1.4666
2007-12-04,2007,12,1.4741
2007-12-05,2007,12,1.472
2007-12-06,2007,12,1.4554
2007-12-07,2007,12,1.4649
2007-12-10,2007,12,1.4718
2007-12-11,2007,12,1.4672
2007-12-12,2007,12,1.4675
2007-12-13,2007,12,1.4683
2007-12-14,2007,12,1.4509
2007-12-17,2007,12,1.4393
2007-12-18,2007,12,1.4416
2007-12-19,2007,12,1.4385
2007-12-20,2007,12,1.4349
2007-12-21,2007,12,1.438
2007-12-24,2007,12,1.4398
2007-12-27,2007,12,1.4516
2007-12-28,2007,12,1.4692
2007-12-31,2007,12,1.4721
2008-01-02,2008,1,1.4688
2008-01-03,2008,1,1.4753
2008-01-04,2008,1,1.4727
2008-01-07,2008,1,1.4723
2008-01-08,2008,1,1.4705
2008-01-09,2008,1,1.468
2008-01-10,2008,1,1.4662
2008-01-11,2008,1,1.4792
2008-01-14,2008,1,1.4895
2008-01-15,2008,1,1.4886
2008-01-16,2008,1,1.4792
2008-01-17,2008,1,1.4691
2008-01-18,2008,1,1.4674
2008-01-21,2008,1,1.4482
2008-01-22,2008,1,1.4494
2008-01-23,2008,1,1.4574
2008-01-24,2008,1,1.4663
2008-01-25,2008,1,1.4705
2008-01-28,2008,1,1.4755
2008-01-29,2008,1,1.4773
2008-01-30,2008,1,1.481
2008-01-31,2008,1,1.487
2008-02-01,2008,2,1.4889
2008-02-04,2008,2,1.4829
2008-02-05,2008,2,1.4688
2008-02-06,2008,2,1.4621
2008-02-07,2008,2,1.4569
2008-02-08,2008,2,1.4513
2008-02-11,2008,2,1.4542
2008-02-12,2008,2,1.4538
2008-02-13,2008,2,1.4586
2008-02-14,2008,2,1.4626
2008-02-15,2008,2,1.4674
2008-02-18,2008,2,1.4636
2008-02-19,2008,2,1.4742
2008-02-20,2008,2,1.4656
2008-02-21,2008,2,1.4736
2008-02-22,2008,2,1.4848
2008-02-25,2008,2,1.4817
2008-02-26,2008,2,1.4874
2008-02-27,2008,2,1.5044
2008-02-28,2008,2,1.5121
2008-02-29,2008,2,1.5167
2008-03-03,2008,3,1.5203
2008-03-04,2008,3,1.5206
2008-03-05,2008,3,1.5196
2008-03-06,2008,3,1.5319
2008-03-07,2008,3,1.5417
2008-03-10,2008,3,1.534
2008-03-11,2008,3,1.5379
2008-03-12,2008,3,1.5477
2008-03-13,2008,3,1.5577
2008-03-14,2008,3,1.5561
2008-03-17,2008,3,1.577
2008-03-18,2008,3,1.5771
2008-03-19,2008,3,1.5692
2008-03-20,2008,3,1.5423
2008-03-25,2008,3,1.5569
2008-03-26,2008,3,1.571
2008-03-27,2008,3,1.5786
2008-03-28,2008,3,1.5796
2008-03-31,2008,3,1.5812
2008-04-01,2008,4,1.566
2008-04-02,2008,4,1.5632
2008-04-03,2008,4,1.5526
2008-04-04,2008,4,1.5722
2008-04-07,2008,4,1.5693
2008-04-08,2008,4,1.5694
2008-04-09,2008,4,1.5726
2008-04-10,2008,4,1.5875
2008-04-11,2008,4,1.5833
2008-04-14,2008,4,1.5869
2008-04-15,2008,4,1.5828
2008-04-16,2008,4,1.5928
2008-04-17,2008,4,1.5872
2008-04-18,2008,4,1.578
2008-04-21,2008,4,1.5898
2008-04-22,2008,4,1.5931
2008-04-23,2008,4,1.594
2008-04-24,2008,4,1.5769
2008-04-25,2008,4,1.5596
2008-04-28,2008,4,1.5628
2008-04-29,2008,4,1.5571
2008-04-30,2008,4,1.554
2008-05-02,2008,5,1.5458
2008-05-05,2008,5,1.546
2008-05-06,2008,5,1.5528
2008-05-07,2008,5,1.543
2008-05-08,2008,5,1.5347
2008-05-09,2008,5,1.5458
2008-05-12,2008,5,1.543
2008-05-13,2008,5,1.5473
2008-05-14,2008,5,1.5439
2008-05-15,2008,5,1.5474
2008-05-16,2008,5,1.5498
2008-05-19,2008,5,1.5577
2008-05-20,2008,5,1.5639
2008-05-21,2008,5,1.5753
2008-05-22,2008,5,1.5755
2008-05-23,2008,5,1.5742
2008-05-26,2008,5,1.5761
2008-05-27,2008,5,1.576
2008-05-28,2008,5,1.5656
2008-05-29,2008,5,1.5551
2008-05-30,2008,5,1.5508
2008-06-02,2008,6,1.5521
2008-06-03,2008,6,1.5593
2008-06-04,2008,6,1.5466
2008-06-05,2008,6,1.5402
2008-06-06,2008,6,1.5597
2008-06-09,2008,6,1.5784
2008-06-10,2008,6,1.5526
2008-06-11,2008,6,1.5515
2008-06-12,2008,6,1.5417
2008-06-13,2008,6,1.5336
2008-06-16,2008,6,1.5459
2008-06-17,2008,6,1.5477
2008-06-18,2008,6,1.5493
2008-06-19,2008,6,1.5481
2008-06-20,2008,6,1.561
2008-06-23,2008,6,1.5521
2008-06-24,2008,6,1.5568
2008-06-25,2008,6,1.5599
2008-06-26,2008,6,1.5731
2008-06-27,2008,6,1.5748
2008-06-30,2008,6,1.5764
2008-07-01,2008,7,1.5775
2008-07-02,2008,7,1.5806
2008-07-03,2008,7,1.5885
2008-07-04,2008,7,1.5671
2008-07-07,2008,7,1.5651
2008-07-08,2008,7,1.5687
2008-07-09,2008,7,1.5715
2008-07-10,2008,7,1.5708
2008-07-11,2008,7,1.5835
2008-07-14,2008,7,1.5847
2008-07-15,2008,7,1.599
2008-07-16,2008,7,1.5888
2008-07-17,2008,7,1.5849
2008-07-18,2008,7,1.5816
2008-07-21,2008,7,1.5858
2008-07-22,2008,7,1.5919
2008-07-23,2008,7,1.5741
2008-07-24,2008,7,1.5677
2008-07-25,2008,7,1.5734
2008-07-28,2008,7,1.5746
2008-07-29,2008,7,1.5705
2008-07-30,2008,7,1.5589
2008-07-31,2008,7,1.5611
2008-08-01,2008,8,1.5574
2008-08-04,2008,8,1.5566
2008-08-05,2008,8,1.5487
2008-08-06,2008,8,1.5478
2008-08-07,2008,8,1.5471
2008-08-08,2008,8,1.5074
2008-08-11,2008,8,1.5012
2008-08-12,2008,8,1.4907
2008-08-13,2008,8,1.4903
2008-08-14,2008,8,1.4907
2008-08-15,2008,8,1.4729
2008-08-18,2008,8,1.4704
2008-08-19,2008,8,1.4677
2008-08-20,2008,8,1.4734
2008-08-21,2008,8,1.4814
2008-08-22,2008,8,1.4808
2008-08-25,2008,8,1.4767
2008-08-26,2008,8,1.4598
2008-08-27,2008,8,1.4767
2008-08-28,2008,8,1.4771
2008-08-29,2008,8,1.4735
2008-09-01,2008,9,1.4621
2008-09-02,2008,9,1.4516
2008-09-03,2008,9,1.4441
2008-09-04,2008,9,1.4488
2008-09-05,2008,9,1.4247
2008-09-08,2008,9,1.4214
2008-09-09,2008,9,1.4144
2008-09-10,2008,9,1.4094
2008-09-11,2008,9,1.3934
2008-09-12,2008,9,1.4066
2008-09-15,2008,9,1.4151
2008-09-16,2008,9,1.4267
2008-09-17,2008,9,1.4224
2008-09-18,2008,9,1.4502
2008-09-19,2008,9,1.4236
2008-09-22,2008,9,1.4571
2008-09-23,2008,9,1.4731
2008-09-24,2008,9,1.469
2008-09-25,2008,9,1.47
2008-09-26,2008,9,1.464
2008-09-29,2008,9,1.4349
2008-09-30,2008,9,1.4303
2008-10-01,2008,10,1.4081
2008-10-02,2008,10,1.3903
2008-10-03,2008,10,1.3834
2008-10-06,2008,10,1.3634
2008-10-07,2008,10,1.3632
2008-10-08,2008,10,1.3731
2008-10-09,2008,10,1.3682
2008-10-10,2008,10,1.3579
2008-10-13,2008,10,1.3639
2008-10-14,2008,10,1.3752
2008-10-15,2008,10,1.3625
2008-10-16,2008,10,1.3507
2008-10-17,2008,10,1.3404
2008-10-20,2008,10,1.3424
2008-10-21,2008,10,1.3184
2008-10-22,2008,10,1.2843
2008-10-23,2008,10,1.281
2008-10-24,2008,10,1.2596
2008-10-27,2008,10,1.246
2008-10-28,2008,10,1.2526
2008-10-29,2008,10,1.277
2008-10-30,2008,10,1.3035
2008-10-31,2008,10,1.2757
2008-11-03,2008,11,1.2822
2008-11-04,2008,11,1.282
2008-11-05,2008,11,1.287
2008-11-06,2008,11,1.277
2008-11-07,2008,11,1.2756
2008-11-10,2008,11,1.2891
2008-11-11,2008,11,1.2747
2008-11-12,2008,11,1.253
2008-11-13,2008,11,1.2525
2008-11-14,2008,11,1.2675
2008-11-17,2008,11,1.266
2008-11-18,2008,11,1.2653
2008-11-19,2008,11,1.2634
2008-11-20,2008,11,1.2542
2008-11-21,2008,11,1.2602
2008-11-24,2008,11,1.2773
2008-11-25,2008,11,1.2811
2008-11-26,2008,11,1.2935
2008-11-27,2008,11,1.29
2008-11-28,2008,11,1.2727
2008-12-01,2008,12,1.2608
2008-12-02,2008,12,1.2697
2008-12-03,2008,12,1.2623
2008-12-04,2008,12,1.262
2008-12-05,2008,12,1.2665
2008-12-08,2008,12,1.2854
2008-12-09,2008,12,1.2838
2008-12-10,2008,12,1.2925
2008-12-11,2008,12,1.3215
2008-12-12,2008,12,1.334
2008-12-15,2008,12,1.351
2008-12-16,2008,12,1.369
2008-12-17,2008,12,1.4059
2008-12-18,2008,12,1.4616
2008-12-19,2008,12,1.394
2008-12-22,2008,12,1.397
2008-12-23,2008,12,1.3978
2008-12-24,2008,12,1.4005
2008-12-29,2008,12,1.427
2008-12-30,2008,12,1.4098
2008-12-31,2008,12,1.3917
2009-01-02,2009,1,1.3866
2009-01-05,2009,1,1.3582
2009-01-06,2009,1,1.3332
2009-01-07,2009,1,1.3595
2009-01-08,2009,1,1.3617
2009-01-09,2009,1,1.3684
2009-01-12,2009,1,1.3394
2009-01-13,2009,1,1.3262
2009-01-14,2009,1,1.3173
2009-01-15,2009,1,1.3085
2009-01-16,2009,1,1.327
2009-01-19,2009,1,1.3182
2009-01-20,2009,1,1.293
2009-01-21,2009,1,1.291
2009-01-22,2009,1,1.2984
2009-01-23,2009,1,1.2795
2009-01-26,2009,1,1.299
2009-01-27,2009,1,1.3174
2009-01-28,2009,1,1.326
2009-01-29,2009,1,1.3111
2009-01-30,2009,1,1.2816
2009-02-02,2009,2,1.276
2009-02-03,2009,2,1.2849
2009-02-04,2009,2,1.2818
2009-02-05,2009,2,1.2829
2009-02-06,2009,2,1.2796
2009-02-09,2009,2,1.3008
2009-02-10,2009,2,1.2967
2009-02-11,2009,2,1.2938
2009-02-12,2009,2,1.2833
2009-02-13,2009,2,1.2823
2009-02-16,2009,2,1.2765
2009-02-17,2009,2,1.2634
2009-02-18,2009,2,1.2596
2009-02-19,2009,2,1.2705
2009-02-20,2009,2,1.2591
2009-02-23,2009,2,1.2798
2009-02-24,2009,2,1.2763
2009-02-25,2009,2,1.2795
2009-02-26,2009,2,1.2782
2009-02-27,2009,2,1.2644
2009-03-02,2009,3,1.2596
2009-03-03,2009,3,1.2615
2009-03-04,2009,3,1.2555
2009-03-05,2009,3,1.2555
2009-03-06,2009,3,1.2658
2009-03-09,2009,3,1.2565
2009-03-10,2009,3,1.2783
2009-03-11,2009,3,1.2786
2009-03-12,2009,3,1.2782
2009-03-13,2009,3,1.2905
2009-03-16,2009,3,1.3042
2009-03-17,2009,3,1.2942
2009-03-18,2009,3,1.313
2009-03-19,2009,3,1.3671
2009-03-20,2009,3,1.3549
2009-03-23,2009,3,1.3558
2009-03-24,2009,3,1.3507
2009-03-25,2009,3,1.3494
2009-03-26,2009,3,1.3607
2009-03-27,2009,3,1.3295
2009-03-30,2009,3,1.3193
2009-03-31,2009,3,1.3308
2009-04-01,2009,4,1.3246
2009-04-02,2009,4,1.3392
2009-04-03,2009,4,1.3425
2009-04-06,2009,4,1.3496
2009-04-07,2009,4,1.3255
2009-04-08,2009,4,1.3231
2009-04-09,2009,4,1.3273
2009-04-14,2009,4,1.3276
2009-04-15,2009,4,1.3173
2009-04-16,2009,4,1.3196
2009-04-17,2009,4,1.3058
2009-04-20,2009,4,1.2966
2009-04-21,2009,4,1.2932
2009-04-22,2009,4,1.2947
2009-04-23,2009,4,1.305
2009-04-24,2009,4,1.3232
2009-04-27,2009,4,1.3125
2009-04-28,2009,4,1.2992
2009-04-29,2009,4,1.3266
2009-04-30,2009,4,1.3275
2009-05-04,2009,5,1.3223
2009-05-05,2009,5,1.3403
2009-05-06,2009,5,1.3322
2009-05-07,2009,5,1.3363
2009-05-08,2009,5,1.3425
2009-05-11,2009,5,1.3574
2009-05-12,2009,5,1.3683
2009-05-13,2009,5,1.3623
2009-05-14,2009,5,1.3563
2009-05-15,2009,5,1.3518
2009-05-18,2009,5,1.3494
2009-05-19,2009,5,1.3612
2009-05-20,2009,5,1.369
2009-05-21,2009,5,1.3771
2009-05-22,2009,5,1.3972
2009-05-25,2009,5,1.401
2009-05-26,2009,5,1.3908
2009-05-27,2009,5,1.3901
2009-05-28,2009,5,1.3856
2009-05-29,2009,5,1.4098
2009-06-01,2009,6,1.422
2009-06-02,2009,6,1.4238
2009-06-03,2009,6,1.4207
2009-06-04,2009,6,1.4095
2009-06-05,2009,6,1.4177
2009-06-08,2009,6,1.3866
2009-06-09,2009,6,1.3959
2009-06-10,2009,6,1.4102
2009-06-11,2009,6,1.3969
2009-06-12,2009,6,1.4004
2009-06-15,2009,6,1.385
2009-06-16,2009,6,1.389
2009-06-17,2009,6,1.384
2009-06-18,2009,6,1.392
2009-06-19,2009,6,1.3932
2009-06-22,2009,6,1.3858
2009-06-23,2009,6,1.3978
2009-06-24,2009,6,1.4029
2009-06-25,2009,6,1.394
2009-06-26,2009,6,1.4096
2009-06-29,2009,6,1.4058
2009-06-30,2009,6,1.4134
2009-07-01,2009,7,1.4096
2009-07-02,2009,7,1.4049
2009-07-03,2009,7,1.4009
2009-07-06,2009,7,1.3897
2009-07-07,2009,7,1.4019
2009-07-08,2009,7,1.3901
2009-07-09,2009,7,1.399
2009-07-10,2009,7,1.3901
2009-07-13,2009,7,1.3975
2009-07-14,2009,7,1.3991
2009-07-15,2009,7,1.4089
2009-07-16,2009,7,1.413
2009-07-17,2009,7,1.409
2009-07-20,2009,7,1.4217
2009-07-21,2009,7,1.4223
2009-07-22,2009,7,1.4191
2009-07-23,2009,7,1.4229
2009-07-24,2009,7,1.4227
2009-07-27,2009,7,1.4269
2009-07-28,2009,7,1.4229
2009-07-29,2009,7,1.4104
2009-07-30,2009,7,1.4053
2009-07-31,2009,7,1.4138
2009-08-03,2009,8,1.4303
2009-08-04,2009,8,1.4384
2009-08-05,2009,8,1.441
2009-08-06,2009,8,1.437
2009-08-07,2009,8,1.4357
2009-08-10,2009,8,1.4202
2009-08-11,2009,8,1.4166
2009-08-12,2009,8,1.417
2009-08-13,2009,8,1.4293
2009-08-14,2009,8,1.4294
2009-08-17,2009,8,1.4072
2009-08-18,2009,8,1.4101
2009-08-19,2009,8,1.4112
2009-08-20,2009,8,1.4243
2009-08-21,2009,8,1.433
2009-08-24,2009,8,1.4323
2009-08-25,2009,8,1.4324
2009-08-26,2009,8,1.427
2009-08-27,2009,8,1.4268
2009-08-28,2009,8,1.4364
2009-08-31,2009,8,1.4272
2009-09-01,2009,9,1.4314
2009-09-02,2009,9,1.422
2009-09-03,2009,9,1.4335
2009-09-04,2009,9,1.4262
2009-09-07,2009,9,1.433
2009-09-08,2009,9,1.4473
2009-09-09,2009,9,1.4522
2009-09-10,2009,9,1.4545
2009-09-11,2009,9,1.4594
2009-09-14,2009,9,1.4561
2009-09-15,2009,9,1.4611
2009-09-16,2009,9,1.4671
2009-09-17,2009,9,1.4712
2009-09-18,2009,9,1.4705
2009-09-21,2009,9,1.4658
2009-09-22,2009,9,1.478
2009-09-23,2009,9,1.4783
2009-09-24,2009,9,1.4768
2009-09-25,2009,9,1.467
2009-09-28,2009,9,1.465
2009-09-29,2009,9,1.4549
2009-09-30,2009,9,1.4643
2009-10-01,2009,10,1.4539
2009-10-02,2009,10,1.4537
2009-10-05,2009,10,1.4616
2009-10-06,2009,10,1.4722
2009-10-07,2009,10,1.4694
2009-10-08,2009,10,1.4763
2009-10-09,2009,10,1.475
2009-10-12,2009,10,1.4765
2009-10-13,2009,10,1.4864
2009-10-14,2009,10,1.4881
2009-10-15,2009,10,1.4864
2009-10-16,2009,10,1.4869
2009-10-19,2009,10,1.4918
2009-10-20,2009,10,1.4971
2009-10-21,2009,10,1.4921
2009-10-22,2009,10,1.5
2009-10-23,2009,10,1.502
2009-10-26,2009,10,1.5019
2009-10-27,2009,10,1.4874
2009-10-28,2009,10,1.4785
2009-10-29,2009,10,1.4788
2009-10-30,2009,10,1.48
2009-11-02,2009,11,1.4772
2009-11-03,2009,11,1.4658
2009-11-04,2009,11,1.4761
2009-11-05,2009,11,1.4867
2009-11-06,2009,11,1.4862
2009-11-09,2009,11,1.4984
2009-11-10,2009,11,1.4966
2009-11-11,2009,11,1.5037
2009-11-12,2009,11,1.4922
2009-11-13,2009,11,1.4868
2009-11-16,2009,11,1.4965
2009-11-17,2009,11,1.4875
2009-11-18,2009,11,1.4957
2009-11-19,2009,11,1.4863
2009-11-20,2009,11,1.4815
2009-11-23,2009,11,1.4968
2009-11-24,2009,11,1.4969
2009-11-25,2009,11,1.5083
2009-11-26,2009,11,1.5071
2009-11-27,2009,11,1.4918
2009-11-30,2009,11,1.5023
2009-12-01,2009,12,1.5074
2009-12-02,2009,12,1.509
2009-12-03,2009,12,1.512
2009-12-04,2009,12,1.5068
2009-12-07,2009,12,1.4787
2009-12-08,2009,12,1.4774
2009-12-09,2009,12,1.4768
2009-12-10,2009,12,1.473
2009-12-11,2009,12,1.4757
2009-12-14,2009,12,1.4647
2009-12-15,2009,12,1.4541
2009-12-16,2009,12,1.456
2009-12-17,2009,12,1.4343
2009-12-18,2009,12,1.4337
2009-12-21,2009,12,1.4368
2009-12-22,2009,12,1.4279
2009-12-23,2009,12,1.4276
2009-12-24,2009,12,1.4398
2009-12-28,2009,12,1.4405
2009-12-29,2009,12,1.4433
2009-12-30,2009,12,1.4338
2009-12-31,2009,12,1.4406
2010-01-04,2010,1,1.4389
2010-01-05,2010,1,1.4442
2010-01-06,2010,1,1.435
2010-01-07,2010,1,1.4304
2010-01-08,2010,1,1.4273
2010-01-11,2010,1,1.4528
2010-01-12,2010,1,1.4481
2010-01-13,2010,1,1.4563
2010-01-14,2010,1,1.4486
2010-01-15,2010,1,1.4374
2010-01-18,2010,1,1.4369
2010-01-19,2010,1,1.4279
2010-01-20,2010,1,1.4132
2010-01-21,2010,1,1.4064
2010-01-22,2010,1,1.4135
2010-01-25,2010,1,1.4151
2010-01-26,2010,1,1.4085
2010-01-27,2010,1,1.4072
2010-01-28,2010,1,1.3999
2010-01-29,2010,1,1.3966
2010-02-01,2010,2,1.3913
2010-02-02,2010,2,1.3937
2010-02-03,2010,2,1.3984
2010-02-04,2010,2,1.3847
2010-02-05,2010,2,1.3691
2010-02-08,2010,2,1.3675
2010-02-09,2010,2,1.376
2010-02-10,2010,2,1.374
2010-02-11,2010,2,1.3718
2010-02-12,2010,2,1.3572
2010-02-15,2010,2,1.3607
2010-02-16,2010,2,1.3649
2010-02-17,2010,2,1.3726
2010-02-18,2010,2,1.3567
2010-02-19,2010,2,1.3519
2010-02-22,2010,2,1.3626
2010-02-23,2010,2,1.3577
2010-02-24,2010,2,1.3547
2010-02-25,2010,2,1.3489
2010-02-26,2010,2,1.357
2010-03-01,2010,3,1.3525
2010-03-02,2010,3,1.3548
2010-03-03,2010,3,1.3641
2010-03-04,2010,3,1.3668
2010-03-05,2010,3,1.3582
2010-03-08,2010,3,1.3662
2010-03-09,2010,3,1.3557
2010-03-10,2010,3,1.361
2010-03-11,2010,3,1.3657
2010-03-12,2010,3,1.3765
2010-03-15,2010,3,1.3705
2010-03-16,2010,3,1.3723
2010-03-17,2010,3,1.3756
2010-03-18,2010,3,1.366
2010-03-19,2010,3,1.3548
2010-03-22,2010,3,1.3471
2010-03-23,2010,3,1.3519
2010-03-24,2010,3,1.3338
2010-03-25,2010,3,1.3356
2010-03-26,2010,3,1.3353
2010-03-29,2010,3,1.3471
2010-03-30,2010,3,1.3482
2010-03-31,2010,3,1.3479
2010-04-01,2010,4,1.3468
2010-04-06,2010,4,1.3396
2010-04-07,2010,4,1.334
2010-04-08,2010,4,1.3296
2010-04-09,2010,4,1.3384
2010-04-12,2010,4,1.3585
2010-04-13,2010,4,1.3583
2010-04-14,2010,4,1.3615
2010-04-15,2010,4,1.3544
2010-04-16,2010,4,1.3535
2010-04-19,2010,4,1.3432
2010-04-20,2010,4,1.3486
2010-04-21,2010,4,1.3373
2010-04-22,2010,4,1.3339
2010-04-23,2010,4,1.3311
2010-04-26,2010,4,1.3321
2010-04-27,2010,4,1.329
2010-04-28,2010,4,1.3245
2010-04-29,2010,4,1.3256
2010-04-30,2010,4,1.3315
2010-05-03,2010,5,1.3238
2010-05-04,2010,5,1.3089
2010-05-05,2010,5,1.2924
2010-05-06,2010,5,1.2727
2010-05-07,2010,5,1.2746
2010-05-10,2010,5,1.2969
2010-05-11,2010,5,1.2698
2010-05-12,2010,5,1.2686
2010-05-13,2010,5,1.2587
2010-05-14,2010,5,1.2492
2010-05-17,2010,5,1.2349
2010-05-18,2010,5,1.2428
2010-05-19,2010,5,1.227
2010-05-20,2010,5,1.2334
2010-05-21,2010,5,1.2497
2010-05-24,2010,5,1.236
2010-05-25,2010,5,1.2223
2010-05-26,2010,5,1.2309
2010-05-27,2010,5,1.2255
2010-05-28,2010,5,1.2384
2010-05-31,2010,5,1.2307
2010-06-01,2010,6,1.2155
2010-06-02,2010,6,1.2218
2010-06-03,2010,6,1.2268
2010-06-04,2010,6,1.206
2010-06-07,2010,6,1.1959
2010-06-08,2010,6,1.1942
2010-06-09,2010,6,1.201
2010-06-10,2010,6,1.2045
2010-06-11,2010,6,1.2127
2010-06-14,2010,6,1.2249
2010-06-15,2010,6,1.2258
2010-06-16,2010,6,1.2277
2010-06-17,2010,6,1.2363
2010-06-18,2010,6,1.2372
2010-06-21,2010,6,1.2391
2010-06-22,2010,6,1.2258
2010-06-23,2010,6,1.2271
2010-06-24,2010,6,1.2262
2010-06-25,2010,6,1.2294
2010-06-28,2010,6,1.2339
2010-06-29,2010,6,1.2198
2010-06-30,2010,6,1.2271
2010-07-01,2010,7,1.2328
2010-07-02,2010,7,1.2548
2010-07-05,2010,7,1.2531
2010-07-06,2010,7,1.2579
2010-07-07,2010,7,1.2567
2010-07-08,2010,7,1.266
2010-07-09,2010,7,1.2637
2010-07-12,2010,7,1.2572
2010-07-13,2010,7,1.2569
2010-07-14,2010,7,1.2703
2010-07-15,2010,7,1.2828
2010-07-16,2010,7,1.3
2010-07-19,2010,7,1.2957
2010-07-20,2010,7,1.2844
2010-07-21,2010,7,1.2817
2010-07-22,2010,7,1.285
2010-07-23,2010,7,1.2897
2010-07-26,2010,7,1.2931
2010-07-27,2010,7,1.3033
2010-07-28,2010,7,1.2992
2010-07-29,2010,7,1.3069
2010-07-30,2010,7,1.3028
2010-08-02,2010,8,1.3073
2010-08-03,2010,8,1.3221
2010-08-04,2010,8,1.3206
2010-08-05,2010,8,1.3184
2010-08-06,2010,8,1.3176
2010-08-09,2010,8,1.3253
2010-08-10,2010,8,1.3133
2010-08-11,2010,8,1.3016
2010-08-12,2010,8,1.279
2010-08-13,2010,8,1.2799
2010-08-16,2010,8,1.282
2010-08-17,2010,8,1.286
2010-08-18,2010,8,1.288
2010-08-19,2010,8,1.2836
2010-08-20,2010,8,1.2711
2010-08-23,2010,8,1.2704
2010-08-24,2010,8,1.2611
2010-08-25,2010,8,1.2613
2010-08-26,2010,8,1.2693
2010-08-27,2010,8,1.2713
2010-08-30,2010,8,1.27
2010-08-31,2010,8,1.268
2010-09-01,2010,9,1.28
2010-09-02,2010,9,1.2818
2010-09-03,2010,9,1.2834
2010-09-06,2010,9,1.2874
2010-09-07,2010,9,1.2744
2010-09-08,2010,9,1.2697
2010-09-09,2010,9,1.2715
2010-09-10,2010,9,1.2725
2010-09-13,2010,9,1.2801
2010-09-14,2010,9,1.285
2010-09-15,2010,9,1.2989
2010-09-16,2010,9,1.3078
2010-09-17,2010,9,1.306
2010-09-20,2010,9,1.3074
2010-09-21,2010,9,1.312
2010-09-22,2010,9,1.3364
2010-09-23,2010,9,1.3323
2010-09-24,2010,9,1.3412
2010-09-27,2010,9,1.3477
2010-09-28,2010,9,1.346
2010-09-29,2010,9,1.3611
2010-09-30,2010,9,1.3648
2010-10-01,2010,10,1.3726
2010-10-04,2010,10,1.3705
2010-10-05,2010,10,1.378
2010-10-06,2010,10,1.3856
2010-10-07,2010,10,1.397
2010-10-08,2010,10,1.3874
2010-10-11,2010,10,1.3936
2010-10-12,2010,10,1.3833
2010-10-13,2010,10,1.3958
2010-10-14,2010,10,1.4101
2010-10-15,2010,10,1.4089
2010-10-18,2010,10,1.3896
2010-10-19,2010,10,1.3859
2010-10-20,2010,10,1.3861
2010-10-21,2010,10,1.4016
2010-10-22,2010,10,1.3934
2010-10-25,2010,10,1.4031
2010-10-26,2010,10,1.3912
2010-10-27,2010,10,1.3803
2010-10-28,2010,10,1.3857
2010-10-29,2010,10,1.3857
2010-11-01,2010,11,1.3926
2010-11-02,2010,11,1.4018
2010-11-03,2010,11,1.4014
2010-11-04,2010,11,1.4244
2010-11-05,2010,11,1.4084
2010-11-08,2010,11,1.3917
2010-11-09,2010,11,1.3945
2010-11-10,2010,11,1.377
2010-11-11,2010,11,1.37
2010-11-12,2010,11,1.3711
2010-11-15,2010,11,1.3626
2010-11-16,2010,11,1.3612
2010-11-17,2010,11,1.3481
2010-11-18,2010,11,1.3647
2010-11-19,2010,11,1.3674
2010-11-22,2010,11,1.3647
2010-11-23,2010,11,1.3496
2010-11-24,2010,11,1.3339
2010-11-25,2010,11,1.3321
2010-11-26,2010,11,1.3225
2010-11-29,2010,11,1.3146
2010-11-30,2010,11,1.2998
2010-12-01,2010,12,1.3115
2010-12-02,2010,12,1.3155
2010-12-03,2010,12,1.3246
2010-12-06,2010,12,1.328
2010-12-07,2010,12,1.3363
2010-12-08,2010,12,1.32
2010-12-09,2010,12,1.3214
2010-12-10,2010,12,1.3244
2010-12-13,2010,12,1.3267
2010-12-14,2010,12,1.3435
2010-12-15,2010,12,1.336
2010-12-16,2010,12,1.3238
2010-12-17,2010,12,1.326
2010-12-20,2010,12,1.3147
2010-12-21,2010,12,1.3155
2010-12-22,2010,12,1.3112
2010-12-23,2010,12,1.3064
2010-12-24,2010,12,1.3099
2010-12-27,2010,12,1.3136
2010-12-28,2010,12,1.3195
2010-12-29,2010,12,1.3136
2010-12-30,2010,12,1.328
2010-12-31,2010,12,1.3362
2011-01-03,2011,1,1.3348
2011-01-04,2011,1,1.3421
2011-01-05,2011,1,1.3213
2011-01-06,2011,1,1.3091
2011-01-07,2011,1,1.2961
2011-01-10,2011,1,1.2903
2011-01-11,2011,1,1.2948
2011-01-12,2011,1,1.2973
2011-01-13,2011,1,1.3199
2011-01-14,2011,1,1.3349
2011-01-17,2011,1,1.3311
2011-01-18,2011,1,1.3371
2011-01-19,2011,1,1.3506
2011-01-20,2011,1,1.3472
2011-01-21,2011,1,1.3521
2011-01-24,2011,1,1.3571
2011-01-25,2011,1,1.3596
2011-01-26,2011,1,1.3681
2011-01-27,2011,1,1.3716
2011-01-28,2011,1,1.371
2011-01-31,2011,1,1.3692
2011-02-01,2011,2,1.3755
2011-02-02,2011,2,1.3803
2011-02-03,2011,2,1.3745
2011-02-04,2011,2,1.3631
2011-02-07,2011,2,1.3553
2011-02-08,2011,2,1.3635
2011-02-09,2011,2,1.3647
2011-02-10,2011,2,1.3604
2011-02-11,2011,2,1.3524
2011-02-14,2011,2,1.344
2011-02-15,2011,2,1.351
2011-02-16,2011,2,1.351
2011-02-17,2011,2,1.356
2011-02-18,2011,2,1.3627
2011-02-21,2011,2,1.3668
2011-02-22,2011,2,1.3667
2011-02-23,2011,2,1.3731
2011-02-24,2011,2,1.3773
2011-02-25,2011,2,1.3762
2011-02-28,2011,2,1.3834
2011-03-01,2011,3,1.3825
2011-03-02,2011,3,1.3809
2011-03-03,2011,3,1.385
2011-03-04,2011,3,1.3957
2011-03-07,2011,3,1.4028
2011-03-08,2011,3,1.3898
2011-03-09,2011,3,1.3928
2011-03-10,2011,3,1.3817
2011-03-11,2011,3,1.3773
2011-03-14,2011,3,1.3948
2011-03-15,2011,3,1.3884
2011-03-16,2011,3,1.3951
2011-03-17,2011,3,1.4004
2011-03-18,2011,3,1.413
2011-03-21,2011,3,1.4194
2011-03-22,2011,3,1.4211
2011-03-23,2011,3,1.4136
2011-03-24,2011,3,1.4128
2011-03-25,2011,3,1.4115
2011-03-28,2011,3,1.4032
2011-03-29,2011,3,1.4066
2011-03-30,2011,3,1.409
2011-03-31,2011,3,1.4207
2011-04-01,2011,4,1.4141
2011-04-04,2011,4,1.424
2011-04-05,2011,4,1.4166
2011-04-06,2011,4,1.43
2011-04-07,2011,4,1.4283
2011-04-08,2011,4,1.4401
2011-04-11,2011,4,1.4434
2011-04-12,2011,4,1.447
2011-04-13,2011,4,1.4493
2011-04-14,2011,4,1.4401
2011-04-15,2011,4,1.445
2011-04-18,2011,4,1.4275
2011-04-19,2011,4,1.4302
2011-04-20,2011,4,1.4515
2011-04-21,2011,4,1.4584
2011-04-26,2011,4,1.4617
2011-04-27,2011,4,1.4668
2011-04-28,2011,4,1.4794
2011-04-29,2011,4,1.486
2011-05-02,2011,5,1.4837
2011-05-03,2011,5,1.478
2011-05-04,2011,5,1.4882
2011-05-05,2011,5,1.4814
2011-05-06,2011,5,1.4501
2011-05-09,2011,5,1.4397
2011-05-10,2011,5,1.4358
2011-05-11,2011,5,1.4357
2011-05-12,2011,5,1.4153
2011-05-13,2011,5,1.428
2011-05-16,2011,5,1.4143
2011-05-17,2011,5,1.4171
2011-05-18,2011,5,1.4227
2011-05-19,2011,5,1.4265
2011-05-20,2011,5,1.4237
2011-05-23,2011,5,1.402
2011-05-24,2011,5,1.4089
2011-05-25,2011,5,1.4069
2011-05-26,2011,5,1.4168
2011-05-27,2011,5,1.4265
2011-05-30,2011,5,1.4272
2011-05-31,2011,5,1.4385
2011-06-01,2011,6,1.4408
2011-06-02,2011,6,1.446
2011-06-03,2011,6,1.4488
2011-06-06,2011,6,1.4596
2011-06-07,2011,6,1.4652
2011-06-08,2011,6,1.4608
2011-06-09,2011,6,1.4614
2011-06-10,2011,6,1.4486
2011-06-13,2011,6,1.4354
2011-06-14,2011,6,1.4448
2011-06-15,2011,6,1.4292
2011-06-16,2011,6,1.4088
2011-06-17,2011,6,1.427
2011-06-20,2011,6,1.4235
2011-06-21,2011,6,1.4373
2011-06-22,2011,6,1.4397
2011-06-23,2011,6,1.4212
2011-06-24,2011,6,1.422
2011-06-27,2011,6,1.4205
2011-06-28,2011,6,1.4261
2011-06-29,2011,6,1.4425
2011-06-30,2011,6,1.4453
2011-07-01,2011,7,1.4488
2011-07-04,2011,7,1.45
2011-07-05,2011,7,1.4461
2011-07-06,2011,7,1.4318
2011-07-07,2011,7,1.4247
2011-07-08,2011,7,1.4242
2011-07-11,2011,7,1.4056
2011-07-12,2011,7,1.3975
2011-07-13,2011,7,1.4073
2011-07-14,2011,7,1.4202
2011-07-15,2011,7,1.4146
2011-07-18,2011,7,1.4045
2011-07-19,2011,7,1.416
2011-07-20,2011,7,1.4207
2011-07-21,2011,7,1.4222
2011-07-22,2011,7,1.4391
2011-07-25,2011,7,1.438
2011-07-26,2011,7,1.4471
2011-07-27,2011,7,1.4446
2011-07-28,2011,7,1.426
2011-07-29,2011,7,1.426
2011-08-01,2011,8,1.4415
2011-08-02,2011,8,1.417
2011-08-03,2011,8,1.43
2011-08-04,2011,8,1.4229
2011-08-05,2011,8,1.4155
2011-08-08,2011,8,1.4225
2011-08-09,2011,8,1.4267
2011-08-10,2011,8,1.4367
2011-08-11,2011,8,1.4143
2011-08-12,2011,8,1.425
2011-08-15,2011,8,1.4309
2011-08-16,2011,8,1.436
2011-08-17,2011,8,1.4477
2011-08-18,2011,8,1.4369
2011-08-19,2011,8,1.4385
2011-08-22,2011,8,1.4413
2011-08-23,2011,8,1.4462
2011-08-24,2011,8,1.4433
2011-08-25,2011,8,1.4424
2011-08-26,2011,8,1.4402
2011-08-29,2011,8,1.4487
2011-08-30,2011,8,1.4402
2011-08-31,2011,8,1.445
2011-09-01,2011,9,1.4285
2011-09-02,2011,9,1.4255
2011-09-05,2011,9,1.4126
2011-09-06,2011,9,1.4099
2011-09-07,2011,9,1.4036
2011-09-08,2011,9,1.4044
2011-09-09,2011,9,1.3817
2011-09-12,2011,9,1.3656
2011-09-13,2011,9,1.3645
2011-09-14,2011,9,1.3729
2011-09-15,2011,9,1.3795
2011-09-16,2011,9,1.376
2011-09-19,2011,9,1.3641
2011-09-20,2011,9,1.371
2011-09-21,2011,9,1.3636
2011-09-22,2011,9,1.3448
2011-09-23,2011,9,1.343
2011-09-26,2011,9,1.35
2011-09-27,2011,9,1.3579
2011-09-28,2011,9,1.3631
2011-09-29,2011,9,1.3615
2011-09-30,2011,9,1.3503
2011-10-03,2011,10,1.3327
2011-10-04,2011,10,1.3181
2011-10-05,2011,10,1.3337
2011-10-06,2011,10,1.3269
2011-10-07,2011,10,1.3434
2011-10-10,2011,10,1.3593
2011-10-11,2011,10,1.3607
2011-10-12,2011,10,1.3766
2011-10-13,2011,10,1.3727
2011-10-14,2011,10,1.3807
2011-10-17,2011,10,1.3776
2011-10-18,2011,10,1.3676
2011-10-19,2011,10,1.3828
2011-10-20,2011,10,1.3807
2011-10-21,2011,10,1.3798
2011-10-24,2011,10,1.3856
2011-10-25,2011,10,1.3918
2011-10-26,2011,10,1.3927
2011-10-27,2011,10,1.4038
2011-10-28,2011,10,1.416
2011-10-31,2011,10,1.4001
2011-11-01,2011,11,1.3627
2011-11-02,2011,11,1.3809
2011-11-03,2011,11,1.3773
2011-11-04,2011,11,1.3773
2011-11-07,2011,11,1.3742
2011-11-08,2011,11,1.3788
2011-11-09,2011,11,1.3633
2011-11-10,2011,11,1.3616
2011-11-11,2011,11,1.365
2011-11-14,2011,11,1.3659
2011-11-15,2011,11,1.3532
2011-11-16,2011,11,1.3484
2011-11-17,2011,11,1.348
2011-11-18,2011,11,1.3576
2011-11-21,2011,11,1.3458
2011-11-22,2011,11,1.3535
2011-11-23,2011,11,1.3387
2011-11-24,2011,11,1.3373
2011-11-25,2011,11,1.3229
2011-11-28,2011,11,1.3348
2011-11-29,2011,11,1.3336
2011-11-30,2011,11,1.3418
2011-12-01,2011,12,1.3492
2011-12-02,2011,12,1.3511
2011-12-05,2011,12,1.3442
2011-12-06,2011,12,1.3394
2011-12-07,2011,12,1.3377
2011-12-08,2011,12,1.341
2011-12-09,2011,12,1.3384
2011-12-12,2011,12,1.3251
2011-12-13,2011,12,1.3181
2011-12-14,2011,12,1.2993
2011-12-15,2011,12,1.3019
2011-12-16,2011,12,1.3064
2011-12-19,2011,12,1.3039
2011-12-20,2011,12,1.3074
2011-12-21,2011,12,1.3054
2011-12-22,2011,12,1.3047
2011-12-23,2011,12,1.3057
2011-12-27,2011,12,1.3069
2011-12-28,2011,12,1.3074
2011-12-29,2011,12,1.2889
2011-12-30,2011,12,1.2939
2012-01-02,2012,1,1.2935
2012-01-03,2012,1,1.3014
2012-01-04,2012,1,1.2948
2012-01-05,2012,1,1.2832
2012-01-06,2012,1,1.2776
2012-01-09,2012,1,1.2728
2012-01-10,2012,1,1.2808
2012-01-11,2012,1,1.2718
2012-01-12,2012,1,1.2736
2012-01-13,2012,1,1.2771
2012-01-16,2012,1,1.2669
2012-01-17,2012,1,1.279
2012-01-18,2012,1,1.2831
2012-01-19,2012,1,1.2911
2012-01-20,2012,1,1.2902
2012-01-23,2012,1,1.3017
2012-01-24,2012,1,1.3003
2012-01-25,2012,1,1.2942
2012-01-26,2012,1,1.3145
2012-01-27,2012,1,1.3145
2012-01-30,2012,1,1.311
2012-01-31,2012,1,1.3176
2012-02-01,2012,2,1.3175
2012-02-02,2012,2,1.3094
2012-02-03,2012,2,1.316
2012-02-06,2012,2,1.3042
2012-02-07,2012,2,1.3113
2012-02-08,2012,2,1.3274
2012-02-09,2012,2,1.3288
2012-02-10,2012,2,1.3189
2012-02-13,2012,2,1.3254
2012-02-14,2012,2,1.3169
2012-02-15,2012,2,1.3092
2012-02-16,2012,2,1.2982
2012-02-17,2012,2,1.3159
2012-02-20,2012,2,1.3266
2012-02-21,2012,2,1.3222
2012-02-22,2012,2,1.323
2012-02-23,2012,2,1.33
2012-02-24,2012,2,1.3412
2012-02-27,2012,2,1.3388
2012-02-28,2012,2,1.3454
2012-02-29,2012,2,1.3443
2012-03-01,2012,3,1.3312
2012-03-02,2012,3,1.3217
2012-03-05,2012,3,1.322
2012-03-06,2012,3,1.3153
2012-03-07,2012,3,1.312
2012-03-08,2012,3,1.3242
2012-03-09,2012,3,1.3191
2012-03-12,2012,3,1.3119
2012-03-13,2012,3,1.3057
2012-03-14,2012,3,1.3062
2012-03-15,2012,3,1.3057
2012-03-16,2012,3,1.3116
2012-03-19,2012,3,1.315
2012-03-20,2012,3,1.3198
2012-03-21,2012,3,1.3225
2012-03-22,2012,3,1.3167
2012-03-23,2012,3,1.3242
2012-03-26,2012,3,1.3276
2012-03-27,2012,3,1.3333
2012-03-28,2012,3,1.3337
2012-03-29,2012,3,1.3272
2012-03-30,2012,3,1.3356
2012-04-02,2012,4,1.3319
2012-04-03,2012,4,1.3315
2012-04-04,2012,4,1.3142
2012-04-05,2012,4,1.3068
2012-04-10,2012,4,1.3114
2012-04-11,2012,4,1.3131
2012-04-12,2012,4,1.3153
2012-04-13,2012,4,1.3148
2012-04-16,2012,4,1.3024
2012-04-17,2012,4,1.3132
2012-04-18,2012,4,1.3093
2012-04-19,2012,4,1.3086
2012-04-20,2012,4,1.3192
2012-04-23,2012,4,1.3131
2012-04-24,2012,4,1.3161
2012-04-25,2012,4,1.3206
2012-04-26,2012,4,1.3215
2012-04-27,2012,4,1.3229
2012-04-30,2012,4,1.3214
2012-05-02,2012,5,1.3131
2012-05-03,2012,5,1.3123
2012-05-04,2012,5,1.3132
2012-05-07,2012,5,1.3033
2012-05-08,2012,5,1.3025
2012-05-09,2012,5,1.295
2012-05-10,2012,5,1.2961
2012-05-11,2012,5,1.2944
2012-05-14,2012,5,1.2863
2012-05-15,2012,5,1.2843
2012-05-16,2012,5,1.2738
2012-05-17,2012,5,1.2682
2012-05-18,2012,5,1.2721
2012-05-21,2012,5,1.275
2012-05-22,2012,5,1.2768
2012-05-23,2012,5,1.2659
2012-05-24,2012,5,1.2557
2012-05-25,2012,5,1.2546
2012-05-28,2012,5,1.2566
2012-05-29,2012,5,1.2523
2012-05-30,2012,5,1.2438
2012-05-31,2012,5,1.2403
2012-06-01,2012,6,1.2322
2012-06-04,2012,6,1.2437
2012-06-05,2012,6,1.2429
2012-06-06,2012,6,1.2485
2012-06-07,2012,6,1.2595
2012-06-08,2012,6,1.2468
2012-06-11,2012,6,1.2544
2012-06-12,2012,6,1.2492
2012-06-13,2012,6,1.2534
2012-06-14,2012,6,1.2551
2012-06-15,2012,6,1.2596
2012-06-18,2012,6,1.2618
2012-06-19,2012,6,1.2619
2012-06-20,2012,6,1.2704
2012-06-21,2012,6,1.267
2012-06-22,2012,6,1.2539
2012-06-25,2012,6,1.2488
2012-06-26,2012,6,1.2475
2012-06-27,2012,6,1.2478
2012-06-28,2012,6,1.2418
2012-06-29,2012,6,1.259
2012-07-02,2012,7,1.2593
2012-07-03,2012,7,1.2575
2012-07-04,2012,7,1.256
2012-07-05,2012,7,1.2426
2012-07-06,2012,7,1.2377
2012-07-09,2012,7,1.2293
2012-07-10,2012,7,1.2285
2012-07-11,2012,7,1.226
2012-07-12,2012,7,1.2178
2012-07-13,2012,7,1.2185
2012-07-16,2012,7,1.2177
2012-07-17,2012,7,1.2281
2012-07-18,2012,7,1.2234
2012-07-19,2012,7,1.2287
2012-07-20,2012,7,1.22
2012-07-23,2012,7,1.2105
2012-07-24,2012,7,1.2089
2012-07-25,2012,7,1.2134
2012-07-26,2012,7,1.226
2012-07-27,2012,7,1.2317
2012-07-30,2012,7,1.2246
2012-07-31,2012,7,1.2284
2012-08-01,2012,8,1.2298
2012-08-02,2012,8,1.2346
2012-08-03,2012,8,1.2245
2012-08-06,2012,8,1.2379
2012-08-07,2012,8,1.2436
2012-08-08,2012,8,1.2336
2012-08-09,2012,8,1.2301
2012-08-10,2012,8,1.2262
2012-08-13,2012,8,1.2339
2012-08-14,2012,8,1.2352
2012-08-15,2012,8,1.2276
2012-08-16,2012,8,1.2279
2012-08-17,2012,8,1.2337
2012-08-20,2012,8,1.23
2012-08-21,2012,8,1.2428
2012-08-22,2012,8,1.2448
2012-08-23,2012,8,1.2552
2012-08-24,2012,8,1.2507
2012-08-27,2012,8,1.253
2012-08-28,2012,8,1.2548
2012-08-29,2012,8,1.2545
2012-08-30,2012,8,1.2544
2012-08-31,2012,8,1.2611
2012-09-03,2012,9,1.2568
2012-09-04,2012,9,1.2579
2012-09-05,2012,9,1.2578
2012-09-06,2012,9,1.2638
2012-09-07,2012,9,1.2706
2012-09-10,2012,9,1.2776
2012-09-11,2012,9,1.2787
2012-09-12,2012,9,1.2896
2012-09-13,2012,9,1.291
2012-09-14,2012,9,1.3095
2012-09-17,2012,9,1.3086
2012-09-18,2012,9,1.3054
2012-09-19,2012,9,1.3002
2012-09-20,2012,9,1.2954
2012-09-21,2012,9,1.2988
2012-09-24,2012,9,1.2916
2012-09-25,2012,9,1.2932
2012-09-26,2012,9,1.2845
2012-09-27,2012,9,1.2874
2012-09-28,2012,9,1.293
2012-10-01,2012,10,1.2877
2012-10-02,2012,10,1.293
2012-10-03,2012,10,1.2904
2012-10-04,2012,10,1.2951
2012-10-05,2012,10,1.3002
2012-10-08,2012,10,1.2958
2012-10-09,2012,10,1.2953
2012-10-10,2012,10,1.2889
2012-10-11,2012,10,1.2918
2012-10-12,2012,10,1.297
2012-10-15,2012,10,1.2971
2012-10-16,2012,10,1.3046
2012-10-17,2012,10,1.312
2012-10-18,2012,10,1.3118
2012-10-19,2012,10,1.3035
2012-10-22,2012,10,1.3063
2012-10-23,2012,10,1.3005
2012-10-24,2012,10,1.2942
2012-10-25,2012,10,1.2993
2012-10-26,2012,10,1.2908
2012-10-29,2012,10,1.2898
2012-10-30,2012,10,1.2962
2012-10-31,2012,10,1.2993
2012-11-01,2012,11,1.2975
2012-11-02,2012,11,1.285
2012-11-05,2012,11,1.2777
2012-11-06,2012,11,1.28
2012-11-07,2012,11,1.2746
2012-11-08,2012,11,1.2736
2012-11-09,2012,11,1.2694
2012-11-12,2012,11,1.2735
2012-11-13,2012,11,1.2696
2012-11-14,2012,11,1.2726
2012-11-15,2012,11,1.2756
2012-11-16,2012,11,1.2745
2012-11-19,2012,11,1.2762
2012-11-20,2012,11,1.2809
2012-11-21,2012,11,1.2805
2012-11-22,2012,11,1.2893
2012-11-23,2012,11,1.2909
2012-11-26,2012,11,1.2964
2012-11-27,2012,11,1.2961
2012-11-28,2012,11,1.2891
2012-11-29,2012,11,1.2994
2012-11-30,2012,11,1.2986
2012-12-03,2012,12,1.3057
2012-12-04,2012,12,1.3092
2012-12-05,2012,12,1.3065
2012-12-06,2012,12,1.3072
2012-12-07,2012,12,1.2905
2012-12-10,2012,12,1.293
2012-12-11,2012,12,1.2993
2012-12-12,2012,12,1.304
2012-12-13,2012,12,1.3077
2012-12-14,2012,12,1.3081
2012-12-17,2012,12,1.316
2012-12-18,2012,12,1.3178
2012-12-19,2012,12,1.3302
2012-12-20,2012,12,1.3246
2012-12-21,2012,12,1.3209
2012-12-24,2012,12,1.3218
2012-12-27,2012,12,1.3266
2012-12-28,2012,12,1.3183
2012-12-31,2012,12,1.3194
2013-01-02,2013,1,1.3262
2013-01-03,2013,1,1.3102
2013-01-04,2013,1,1.3012
2013-01-07,2013,1,1.3039
2013-01-08,2013,1,1.3086
2013-01-09,2013,1,1.3056
2013-01-10,2013,1,1.3113
2013-01-11,2013,1,1.3274
2013-01-14,2013,1,1.3341
2013-01-15,2013,1,1.3327
2013-01-16,2013,1,1.3277
2013-01-17,2013,1,1.3368
2013-01-18,2013,1,1.3324
2013-01-21,2013,1,1.3323
2013-01-22,2013,1,1.3317
2013-01-23,2013,1,1.333
2013-01-24,2013,1,1.3349
2013-01-25,2013,1,1.3469
2013-01-28,2013,1,1.3444
2013-01-29,2013,1,1.3433
2013-01-30,2013,1,1.3541
2013-01-31,2013,1,1.355
2013-02-01,2013,2,1.3644
2013-02-04,2013,2,1.3552
2013-02-05,2013,2,1.3537
2013-02-06,2013,2,1.3517
2013-02-07,2013,2,1.3546
2013-02-08,2013,2,1.3374
2013-02-11,2013,2,1.3391
2013-02-12,2013,2,1.3438
2013-02-13,2013,2,1.348
2013-02-14,2013,2,1.3327
2013-02-15,2013,2,1.3325
2013-02-18,2013,2,1.3352
2013-02-19,2013,2,1.3349
2013-02-20,2013,2,1.337
2013-02-21,2013,2,1.3186
2013-02-22,2013,2,1.3186
2013-02-25,2013,2,1.3304
2013-02-26,2013,2,1.3077
2013-02-27,2013,2,1.3097
2013-02-28,2013,2,1.3129
2013-03-01,2013,3,1.3
2013-03-04,2013,3,1.3007
2013-03-05,2013,3,1.3034
2013-03-06,2013,3,1.3035
2013-03-07,2013,3,1.301
2013-03-08,2013,3,1.309
2013-03-11,2013,3,1.2994
2013-03-12,2013,3,1.3053
2013-03-13,2013,3,1.2981
2013-03-14,2013,3,1.2937
2013-03-15,2013,3,1.3086
2013-03-18,2013,3,1.2929
2013-03-19,2013,3,1.2944
2013-03-20,2013,3,1.2945
2013-03-21,2013,3,1.291
2013-03-22,2013,3,1.2948
2013-03-25,2013,3,1.2935
2013-03-26,2013,3,1.2861
2013-03-27,2013,3,1.2768
2013-03-28,2013,3,1.2805
2013-04-02,2013,4,1.284
2013-04-03,2013,4,1.2828
2013-04-04,2013,4,1.2818
2013-04-05,2013,4,1.2944
2013-04-08,2013,4,1.3023
2013-04-09,2013,4,1.304
2013-04-10,2013,4,1.3086
2013-04-11,2013,4,1.3119
2013-04-12,2013,4,1.3052
2013-04-15,2013,4,1.3081
2013-04-16,2013,4,1.3129
2013-04-17,2013,4,1.3129
2013-04-18,2013,4,1.3045
2013-04-19,2013,4,1.3115
2013-04-22,2013,4,1.3037
2013-04-23,2013,4,1.299
2013-04-24,2013,4,1.3006
2013-04-25,2013,4,1.308
2013-04-26,2013,4,1.2999
2013-04-29,2013,4,1.3113
2013-04-30,2013,4,1.3072
2013-05-02,2013,5,1.3191
2013-05-03,2013,5,1.3114
2013-05-06,2013,5,1.3107
2013-05-07,2013,5,1.3107
2013-05-08,2013,5,1.3135
2013-05-09,2013,5,1.3142
2013-05-10,2013,5,1.2988
2013-05-13,2013,5,1.2973
2013-05-14,2013,5,1.2977
2013-05-15,2013,5,1.2864
2013-05-16,2013,5,1.289
2013-05-17,2013,5,1.2869
2013-05-20,2013,5,1.2853
2013-05-21,2013,5,1.2866
2013-05-22,2013,5,1.2923
2013-05-23,2013,5,1.2888
2013-05-24,2013,5,1.2939
2013-05-27,2013,5,1.2939
2013-05-28,2013,5,1.2938
2013-05-29,2013,5,1.2952
2013-05-30,2013,5,1.2944
2013-05-31,2013,5,1.3006
2013-06-03,2013,6,1.3008
2013-06-04,2013,6,1.3092
2013-06-05,2013,6,1.3067
2013-06-06,2013,6,1.3118
2013-06-07,2013,6,1.326
2013-06-10,2013,6,1.3209
2013-06-11,2013,6,1.3273
2013-06-12,2013,6,1.3277
2013-06-13,2013,6,1.3315
2013-06-14,2013,6,1.3303
2013-06-17,2013,6,1.3337
2013-06-18,2013,6,1.3374
2013-06-19,2013,6,1.3406
2013-06-20,2013,6,1.32
2013-06-21,2013,6,1.318
2013-06-24,2013,6,1.3086
2013-06-25,2013,6,1.3134
2013-06-26,2013,6,1.3024
2013-06-27,2013,6,1.3032
2013-06-28,2013,6,1.308
2013-07-01,2013,7,1.3037
2013-07-02,2013,7,1.3017
2013-07-03,2013,7,1.2959
2013-07-04,2013,7,1.2984
2013-07-05,2013,7,1.2883
2013-07-08,2013,7,1.285
2013-07-09,2013,7,1.2857
2013-07-10,2013,7,1.2813
2013-07-11,2013,7,1.3044
2013-07-12,2013,7,1.3034
2013-07-15,2013,7,1.3012
2013-07-16,2013,7,1.3118
2013-07-17,2013,7,1.3136
2013-07-18,2013,7,1.3093
2013-07-19,2013,7,1.3123
2013-07-22,2013,7,1.3166
2013-07-23,2013,7,1.318
2013-07-24,2013,7,1.3246
2013-07-25,2013,7,1.3202
2013-07-26,2013,7,1.326
2013-07-29,2013,7,1.327
2013-07-30,2013,7,1.3284
2013-07-31,2013,7,1.3275
2013-08-01,2013,8,1.3236
2013-08-02,2013,8,1.3203
2013-08-05,2013,8,1.3257
2013-08-06,2013,8,1.328
2013-08-07,2013,8,1.3305
2013-08-08,2013,8,1.336
2013-08-09,2013,8,1.3373
2013-08-12,2013,8,1.328
2013-08-13,2013,8,1.329
2013-08-14,2013,8,1.3243
2013-08-15,2013,8,1.3297
2013-08-16,2013,8,1.334
2013-08-19,2013,8,1.3344
2013-08-20,2013,8,1.3392
2013-08-21,2013,8,1.3384
2013-08-22,2013,8,1.3323
2013-08-23,2013,8,1.3355
2013-08-26,2013,8,1.3361
2013-08-27,2013,8,1.3338
2013-08-28,2013,8,1.3347
2013-08-29,2013,8,1.3266
2013-08-30,2013,8,1.3235
2013-09-02,2013,9,1.3207
2013-09-03,2013,9,1.3172
2013-09-04,2013,9,1.3171
2013-09-05,2013,9,1.3202
2013-09-06,2013,9,1.3117
2013-09-09,2013,9,1.3194
2013-09-10,2013,9,1.324
2013-09-11,2013,9,1.3268
2013-09-12,2013,9,1.329
2013-09-13,2013,9,1.3295
2013-09-16,2013,9,1.3357
2013-09-17,2013,9,1.3356
2013-09-18,2013,9,1.3352
2013-09-19,2013,9,1.3545
2013-09-20,2013,9,1.3514
2013-09-23,2013,9,1.3508
2013-09-24,2013,9,1.3473
2013-09-25,2013,9,1.3504
2013-09-26,2013,9,1.3499
2013-09-27,2013,9,1.3537
2013-09-30,2013,9,1.3505
2013-10-01,2013,10,1.3554
2013-10-02,2013,10,1.3515
2013-10-03,2013,10,1.3594
2013-10-04,2013,10,1.3593
2013-10-07,2013,10,1.3572
2013-10-08,2013,10,1.3576
2013-10-09,2013,10,1.3515
2013-10-10,2013,10,1.3532
2013-10-11,2013,10,1.3566
2013-10-14,2013,10,1.3564
2013-10-15,2013,10,1.3493
2013-10-16,2013,10,1.3561
2013-10-17,2013,10,1.3662
2013-10-18,2013,10,1.3684
2013-10-21,2013,10,1.3667
2013-10-22,2013,10,1.3674
2013-10-23,2013,10,1.3752
2013-10-24,2013,10,1.3805
2013-10-25,2013,10,1.3777
2013-10-28,2013,10,1.3784
2013-10-29,2013,10,1.3768
2013-10-30,2013,10,1.3755
2013-10-31,2013,10,1.3641
2013-11-01,2013,11,1.3505
2013-11-04,2013,11,1.3506
2013-11-05,2013,11,1.3494
2013-11-06,2013,11,1.3517
2013-11-07,2013,11,1.3365
2013-11-08,2013,11,1.3431
2013-11-11,2013,11,1.3394
2013-11-12,2013,11,1.3432
2013-11-13,2013,11,1.3415
2013-11-14,2013,11,1.3436
2013-11-15,2013,11,1.346
2013-11-18,2013,11,1.3517
2013-11-19,2013,11,1.3502
2013-11-20,2013,11,1.3527
2013-11-21,2013,11,1.3472
2013-11-22,2013,11,1.3518
2013-11-25,2013,11,1.3514
2013-11-26,2013,11,1.3547
2013-11-27,2013,11,1.3596
2013-11-28,2013,11,1.3592
2013-11-29,2013,11,1.3611
2013-12-02,2013,12,1.3536
2013-12-03,2013,12,1.3578
2013-12-04,2013,12,1.3592
2013-12-05,2013,12,1.3594
2013-12-06,2013,12,1.3661
2013-12-09,2013,12,1.3722
2013-12-10,2013,12,1.375
2013-12-11,2013,12,1.3767
2013-12-12,2013,12,1.3775
2013-12-13,2013,12,1.3727
2013-12-16,2013,12,1.3776
2013-12-17,2013,12,1.3749
2013-12-18,2013,12,1.3749
2013-12-19,2013,12,1.3667
2013-12-20,2013,12,1.3655
2013-12-23,2013,12,1.3702
2013-12-24,2013,12,1.3684
2013-12-27,2013,12,1.3814
2013-12-30,2013,12,1.3783
2013-12-31,2013,12,1.3791
2014-01-02,2014,1,1.3658
2014-01-03,2014,1,1.3634
2014-01-06,2014,1,1.3602
2014-01-07,2014,1,1.3641
2014-01-08,2014,1,1.3594
2014-01-09,2014,1,1.3612
2014-01-10,2014,1,1.3587
2014-01-13,2014,1,1.3654
2014-01-14,2014,1,1.3667
2014-01-15,2014,1,1.3606
2014-01-16,2014,1,1.3597
2014-01-17,2014,1,1.3584
2014-01-20,2014,1,1.3566
2014-01-21,2014,1,1.3526
2014-01-22,2014,1,1.3566
2014-01-23,2014,1,1.3639
2014-01-24,2014,1,1.3687
2014-01-27,2014,1,1.3658
2014-01-28,2014,1,1.3649
2014-01-29,2014,1,1.3608
2014-01-30,2014,1,1.3574
2014-01-31,2014,1,1.3516
2014-02-03,2014,2,1.3498
2014-02-04,2014,2,1.3519
2014-02-05,2014,2,1.3543
2014-02-06,2014,2,1.3495
2014-02-07,2014,2,1.3574
2014-02-10,2014,2,1.3638
2014-02-11,2014,2,1.3676
2014-02-12,2014,2,1.3573
2014-02-13,2014,2,1.3675
2014-02-14,2014,2,1.3707
2014-02-17,2014,2,1.3699
2014-02-18,2014,2,1.3731
2014-02-19,2014,2,1.3745
2014-02-20,2014,2,1.3706
2014-02-21,2014,2,1.3707
2014-02-24,2014,2,1.3735
2014-02-25,2014,2,1.3754
2014-02-26,2014,2,1.3726
2014-02-27,2014,2,1.3656
2014-02-28,2014,2,1.3813
2014-03-03,2014,3,1.3768
2014-03-04,2014,3,1.3768
2014-03-05,2014,3,1.3732
2014-03-06,2014,3,1.3745
2014-03-07,2014,3,1.3894
2014-03-10,2014,3,1.3881
2014-03-11,2014,3,1.385
2014-03-12,2014,3,1.3887
2014-03-13,2014,3,1.3942
2014-03-14,2014,3,1.3884
2014-03-17,2014,3,1.3906
2014-03-18,2014,3,1.3902
2014-03-19,2014,3,1.3913
2014-03-20,2014,3,1.3762
2014-03-21,2014,3,1.378
2014-03-24,2014,3,1.3774
2014-03-25,2014,3,1.3789
2014-03-26,2014,3,1.3791
2014-03-27,2014,3,1.3758
2014-03-28,2014,3,1.3759
2014-03-31,2014,3,1.3788
2014-04-01,2014,4,1.379
2014-04-02,2014,4,1.3795
2014-04-03,2014,4,1.3771
2014-04-04,2014,4,1.37
2014-04-07,2014,4,1.3723
2014-04-08,2014,4,1.3774
2014-04-09,2014,4,1.3794
2014-04-10,2014,4,1.3867
2014-04-11,2014,4,1.3872
2014-04-14,2014,4,1.3827
2014-04-15,2014,4,1.3803
2014-04-16,2014,4,1.384
2014-04-17,2014,4,1.3855
2014-04-22,2014,4,1.3817
2014-04-23,2014,4,1.3834
2014-04-24,2014,4,1.382
2014-04-25,2014,4,1.3831
2014-04-28,2014,4,1.3861
2014-04-29,2014,4,1.3826
2014-04-30,2014,4,1.385
2014-05-02,2014,5,1.3862
2014-05-05,2014,5,1.3874
2014-05-06,2014,5,1.3945
2014-05-07,2014,5,1.3927
2014-05-08,2014,5,1.3953
2014-05-09,2014,5,1.3781
2014-05-12,2014,5,1.3765
2014-05-13,2014,5,1.3703
2014-05-14,2014,5,1.3719
2014-05-15,2014,5,1.3659
2014-05-16,2014,5,1.3696
2014-05-19,2014,5,1.3715
2014-05-20,2014,5,1.3702
2014-05-21,2014,5,1.3676
2014-05-22,2014,5,1.3668
2014-05-23,2014,5,1.363
2014-05-26,2014,5,1.3635
2014-05-27,2014,5,1.3638
2014-05-28,2014,5,1.3608
2014-05-29,2014,5,1.3612
2014-05-30,2014,5,1.3607
2014-06-02,2014,6,1.3611
2014-06-03,2014,6,1.3645
2014-06-04,2014,6,1.3627
2014-06-05,2014,6,1.3567
2014-06-06,2014,6,1.3642
2014-06-09,2014,6,1.3608
2014-06-10,2014,6,1.3547
2014-06-11,2014,6,1.3547
2014-06-12,2014,6,1.3528
2014-06-13,2014,6,1.3534
2014-06-16,2014,6,1.3532
2014-06-17,2014,6,1.3568
2014-06-18,2014,6,1.3563
2014-06-19,2014,6,1.362
2014-06-20,2014,6,1.3588
2014-06-23,2014,6,1.3596
2014-06-24,2014,6,1.3618
2014-06-25,2014,6,1.3615
2014-06-26,2014,6,1.3606
2014-06-27,2014,6,1.362
2014-06-30,2014,6,1.3658
2014-07-01,2014,7,1.3688
2014-07-02,2014,7,1.3656
2014-07-03,2014,7,1.3646
2014-07-04,2014,7,1.3588
2014-07-07,2014,7,1.3592
2014-07-08,2014,7,1.3589
2014-07-09,2014,7,1.3603
2014-07-10,2014,7,1.3604
2014-07-11,2014,7,1.3595
2014-07-14,2014,7,1.3627
2014-07-15,2014,7,1.3613
2014-07-16,2014,7,1.3532
2014-07-17,2014,7,1.3525
2014-07-18,2014,7,1.3525
2014-07-21,2014,7,1.3518
2014-07-22,2014,7,1.3481
2014-07-23,2014,7,1.3465
2014-07-24,2014,7,1.3472
2014-07-25,2014,7,1.344
2014-07-28,2014,7,1.3433
2014-07-29,2014,7,1.3429
2014-07-30,2014,7,1.3401
2014-07-31,2014,7,1.3379
2014-08-01,2014,8,1.3395
2014-08-04,2014,8,1.3422
2014-08-05,2014,8,1.3382
2014-08-06,2014,8,1.3345
2014-08-07,2014,8,1.3368
2014-08-08,2014,8,1.3388
2014-08-11,2014,8,1.3386
2014-08-12,2014,8,1.3346
2014-08-13,2014,8,1.336
2014-08-14,2014,8,1.3373
2014-08-15,2014,8,1.3388
2014-08-18,2014,8,1.3383
2014-08-19,2014,8,1.3354
2014-08-20,2014,8,1.3284
2014-08-21,2014,8,1.3262
2014-08-22,2014,8,1.3267
2014-08-25,2014,8,1.32
2014-08-26,2014,8,1.3192
2014-08-27,2014,8,1.3177
2014-08-28,2014,8,1.3178
2014-08-29,2014,8,1.3188
2014-09-01,2014,9,1.3133
2014-09-02,2014,9,1.3115
2014-09-03,2014,9,1.3151
2014-09-04,2014,9,1.3015
2014-09-05,2014,9,1.2948
2014-09-08,2014,9,1.2947
2014-09-09,2014,9,1.2902
2014-09-10,2014,9,1.2929
2014-09-11,2014,9,1.2928
2014-09-12,2014,9,1.2931
2014-09-15,2014,9,1.2911
2014-09-16,2014,9,1.2949
2014-09-17,2014,9,1.2956
2014-09-18,2014,9,1.2872
2014-09-19,2014,9,1.2852
2014-09-22,2014,9,1.2845
2014-09-23,2014,9,1.2892
2014-09-24,2014,9,1.2826
2014-09-25,2014,9,1.2712
2014-09-26,2014,9,1.2732
2014-09-29,2014,9,1.2701
2014-09-30,2014,9,1.2583
2014-10-01,2014,10,1.2603
2014-10-02,2014,10,1.2631
2014-10-03,2014,10,1.2616
2014-10-06,2014,10,1.2565
2014-10-07,2014,10,1.2607
2014-10-08,2014,10,1.2645
2014-10-09,2014,10,1.2763
2014-10-10,2014,10,1.2638
2014-10-13,2014,10,1.2679
2014-10-14,2014,10,1.2646
2014-10-15,2014,10,1.2666
2014-10-16,2014,10,1.2749
2014-10-17,2014,10,1.2823
2014-10-20,2014,10,1.2773
2014-10-21,2014,10,1.2762
2014-10-22,2014,10,1.2693
2014-10-23,2014,10,1.2669
2014-10-24,2014,10,1.2659
2014-10-27,2014,10,1.2679
2014-10-28,2014,10,1.2748
2014-10-29,2014,10,1.2737
2014-10-30,2014,10,1.2598
2014-10-31,2014,10,1.2524
2014-11-03,2014,11,1.2493
2014-11-04,2014,11,1.2514
2014-11-05,2014,11,1.248
2014-11-06,2014,11,1.2517
2014-11-07,2014,11,1.2393
2014-11-10,2014,11,1.2486
2014-11-11,2014,11,1.2424
2014-11-12,2014,11,1.2467
2014-11-13,2014,11,1.2456
2014-11-14,2014,11,1.2436
2014-11-17,2014,11,1.2496
2014-11-18,2014,11,1.2514
2014-11-19,2014,11,1.2535
2014-11-20,2014,11,1.2539
2014-11-21,2014,11,1.2422
2014-11-24,2014,11,1.241
2014-11-25,2014,11,1.2424
2014-11-26,2014,11,1.2475
2014-11-27,2014,11,1.248
2014-11-28,2014,11,1.2483
2014-12-01,2014,12,1.2469
2014-12-02,2014,12,1.2424
2014-12-03,2014,12,1.2331
2014-12-04,2014,12,1.2311
2014-12-05,2014,12,1.2362
2014-12-08,2014,12,1.2258
2014-12-09,2014,12,1.2369
2014-12-10,2014,12,1.2392
2014-12-11,2014,12,1.2428
2014-12-12,2014,12,1.245
2014-12-15,2014,12,1.2426
2014-12-16,2014,12,1.2537
2014-12-17,2014,12,1.2448
2014-12-18,2014,12,1.2285
2014-12-19,2014,12,1.2279
2014-12-22,2014,12,1.2259
2014-12-23,2014,12,1.2213
2014-12-24,2014,12,1.2219
2014-12-29,2014,12,1.2197
2014-12-30,2014,12,1.216
2014-12-31,2014,12,1.2141
2015-01-02,2015,1,1.2043
2015-01-05,2015,1,1.1915
2015-01-06,2015,1,1.1914
2015-01-07,2015,1,1.1831
2015-01-08,2015,1,1.1768
2015-01-09,2015,1,1.1813
2015-01-12,2015,1,1.1804
2015-01-13,2015,1,1.1782
2015-01-14,2015,1,1.1775
2015-01-15,2015,1,1.1708
2015-01-16,2015,1,1.1588
2015-01-19,2015,1,1.1605
2015-01-20,2015,1,1.1579
2015-01-21,2015,1,1.1593
2015-01-22,2015,1,1.1618
2015-01-23,2015,1,1.1198
2015-01-26,2015,1,1.1244
2015-01-27,2015,1,1.1306
2015-01-28,2015,1,1.1344
2015-01-29,2015,1,1.1315
2015-01-30,2015,1,1.1305
2015-02-02,2015,2,1.131
2015-02-03,2015,2,1.1376
2015-02-04,2015,2,1.1446
2015-02-05,2015,2,1.141
2015-02-06,2015,2,1.1447
2015-02-09,2015,2,1.1275
2015-02-10,2015,2,1.1297
2015-02-11,2015,2,1.1314
2015-02-12,2015,2,1.1328
2015-02-13,2015,2,1.1381
2015-02-16,2015,2,1.1408
2015-02-17,2015,2,1.1415
2015-02-18,2015,2,1.1372
2015-02-19,2015,2,1.1387
2015-02-20,2015,2,1.1298
2015-02-23,2015,2,1.1298
2015-02-24,2015,2,1.1328
2015-02-25,2015,2,1.1346
2015-02-26,2015,2,1.1317
2015-02-27,2015,2,1.124
2015-03-02,2015,3,1.1227
2015-03-03,2015,3,1.1168
2015-03-04,2015,3,1.1124
2015-03-05,2015,3,1.1069
2015-03-06,2015,3,1.0963
2015-03-09,2015,3,1.086
2015-03-10,2015,3,1.0738
2015-03-11,2015,3,1.0578
2015-03-12,2015,3,1.0613
2015-03-13,2015,3,1.0572
2015-03-16,2015,3,1.0557
2015-03-17,2015,3,1.0635
2015-03-18,2015,3,1.0592
2015-03-19,2015,3,1.0677
2015-03-20,2015,3,1.0776
2015-03-23,2015,3,1.0912
2015-03-24,2015,3,1.095
2015-03-25,2015,3,1.0985
2015-03-26,2015,3,1.0973
2015-03-27,2015,3,1.0856
2015-03-30,2015,3,1.0845
2015-03-31,2015,3,1.0759
2015-04-01,2015,4,1.0755
2015-04-02,2015,4,1.083
2015-04-07,2015,4,1.0847
2015-04-08,2015,4,1.0862
2015-04-09,2015,4,1.0774
2015-04-10,2015,4,1.057
2015-04-13,2015,4,1.0552
2015-04-14,2015,4,1.0564
2015-04-15,2015,4,1.0579
2015-04-16,2015,4,1.0711
2015-04-17,2015,4,1.0814
2015-04-20,2015,4,1.0723
2015-04-21,2015,4,1.07
2015-04-22,2015,4,1.0743
2015-04-23,2015,4,1.0772
2015-04-24,2015,4,1.0824
2015-04-27,2015,4,1.0822
2015-04-28,2015,4,1.0927
2015-04-29,2015,4,1.1002
2015-04-30,2015,4,1.1215
2015-05-04,2015,5,1.1152
2015-05-05,2015,5,1.1117
2015-05-06,2015,5,1.123
2015-05-07,2015,5,1.1305
2015-05-08,2015,5,1.1221
2015-05-11,2015,5,1.1142
2015-05-12,2015,5,1.1239
2015-05-13,2015,5,1.1221
2015-05-14,2015,5,1.1419
2015-05-15,2015,5,1.1328
2015-05-18,2015,5,1.1389
2015-05-19,2015,5,1.118
2015-05-20,2015,5,1.1118
2015-05-21,2015,5,1.1133
2015-05-22,2015,5,1.1164
2015-05-25,2015,5,1.0978
2015-05-26,2015,5,1.0926
2015-05-27,2015,5,1.0863
2015-05-28,2015,5,1.0896
2015-05-29,2015,5,1.097
2015-06-01,2015,6,1.0944
2015-06-02,2015,6,1.1029
2015-06-03,2015,6,1.1134
2015-06-04,2015,6,1.1317
2015-06-05,2015,6,1.1218
2015-06-08,2015,6,1.1162
2015-06-09,2015,6,1.1249
2015-06-10,2015,6,1.1279
2015-06-11,2015,6,1.1232
2015-06-12,2015,6,1.122
2015-06-15,2015,6,1.1218
2015-06-16,2015,6,1.1215
2015-06-17,2015,6,1.1279
2015-06-18,2015,6,1.1404
2015-06-19,2015,6,1.1299
2015-06-22,2015,6,1.1345
2015-06-23,2015,6,1.1204
2015-06-24,2015,6,1.1213
2015-06-25,2015,6,1.1206
2015-06-26,2015,6,1.1202
2015-06-29,2015,6,1.1133
2015-06-30,2015,6,1.1189
2015-07-01,2015,7,1.11
2015-07-02,2015,7,1.1066
2015-07-03,2015,7,1.1096
2015-07-06,2015,7,1.1008
2015-07-07,2015,7,1.0931
2015-07-08,2015,7,1.1024
2015-07-09,2015,7,1.1054
2015-07-10,2015,7,1.1185
2015-07-13,2015,7,1.1049
2015-07-14,2015,7,1.1031
2015-07-15,2015,7,1.1009
2015-07-16,2015,7,1.0867
2015-07-17,2015,7,1.0889
2015-07-20,2015,7,1.0852
2015-07-21,2015,7,1.0867
2015-07-22,2015,7,1.0902
2015-07-23,2015,7,1.0999
2015-07-24,2015,7,1.0939
2015-07-27,2015,7,1.1058
2015-07-28,2015,7,1.1025
2015-07-29,2015,7,1.103
2015-07-30,2015,7,1.0955
2015-07-31,2015,7,1.0967
2015-08-03,2015,8,1.0951
2015-08-04,2015,8,1.0973
2015-08-05,2015,8,1.0883
2015-08-06,2015,8,1.0885
2015-08-07,2015,8,1.0941
2015-08-10,2015,8,1.096
2015-08-11,2015,8,1.1055
2015-08-12,2015,8,1.1155
2015-08-13,2015,8,1.1109
2015-08-14,2015,8,1.1171
2015-08-17,2015,8,1.11
2015-08-18,2015,8,1.106
2015-08-19,2015,8,1.1041
2015-08-20,2015,8,1.1183
2015-08-21,2015,8,1.1281
2015-08-24,2015,8,1.1497
2015-08-25,2015,8,1.1506
2015-08-26,2015,8,1.1402
2015-08-27,2015,8,1.1284
2015-08-28,2015,8,1.1268
2015-08-31,2015,8,1.1215
2015-09-01,2015,9,1.1236
2015-09-02,2015,9,1.1255
2015-09-03,2015,9,1.1229
2015-09-04,2015,9,1.1138
2015-09-07,2015,9,1.1146
2015-09-08,2015,9,1.1162
2015-09-09,2015,9,1.1139
2015-09-10,2015,9,1.1185
2015-09-11,2015,9,1.1268
2015-09-14,2015,9,1.1305
2015-09-15,2015,9,1.132
2015-09-16,2015,9,1.1228
2015-09-17,2015,9,1.1312
2015-09-18,2015,9,1.1419
2015-09-21,2015,9,1.125
2015-09-22,2015,9,1.1155
2015-09-23,2015,9,1.115
2015-09-24,2015,9,1.1241
2015-09-25,2015,9,1.1151
2015-09-28,2015,9,1.117
2015-09-29,2015,9,1.1204
2015-09-30,2015,9,1.1203
2015-10-01,2015,10,1.1153
2015-10-02,2015,10,1.116
2015-10-05,2015,10,1.1236
2015-10-06,2015,10,1.1224
2015-10-07,2015,10,1.1266
2015-10-08,2015,10,1.1254
2015-10-09,2015,10,1.1362
2015-10-12,2015,10,1.1373
2015-10-13,2015,10,1.1374
2015-10-14,2015,10,1.141
2015-10-15,2015,10,1.1439
2015-10-16,2015,10,1.136
2015-10-19,2015,10,1.1333
2015-10-20,2015,10,1.1373
2015-10-21,2015,10,1.1354
2015-10-22,2015,10,1.1313
2015-10-23,2015,10,1.1084
2015-10-26,2015,10,1.1011
2015-10-27,2015,10,1.1061
2015-10-28,2015,10,1.1085
2015-10-29,2015,10,1.093
2015-10-30,2015,10,1.1017
2015-11-02,2015,11,1.1032
2015-11-03,2015,11,1.0976
2015-11-04,2015,11,1.0935
2015-11-05,2015,11,1.0883
2015-11-06,2015,11,1.0864
2015-11-09,2015,11,1.0776
2015-11-10,2015,11,1.0711
2015-11-11,2015,11,1.0716
2015-11-12,2015,11,1.0726
2015-11-13,2015,11,1.0764
2015-11-16,2015,11,1.0723
2015-11-17,2015,11,1.067
2015-11-18,2015,11,1.0666
2015-11-19,2015,11,1.0687
2015-11-20,2015,11,1.0688
2015-11-23,2015,11,1.0631
2015-11-24,2015,11,1.0651
2015-11-25,2015,11,1.0586
2015-11-26,2015,11,1.0612
2015-11-27,2015,11,1.058
2015-11-30,2015,11,1.0579
2015-12-01,2015,12,1.06
2015-12-02,2015,12,1.0612
2015-12-03,2015,12,1.0671
2015-12-04,2015,12,1.0902
2015-12-07,2015,12,1.0809
2015-12-08,2015,12,1.0875
2015-12-09,2015,12,1.0941
2015-12-10,2015,12,1.0943
2015-12-11,2015,12,1.095
2015-12-14,2015,12,1.0983
2015-12-15,2015,12,1.099
2015-12-16,2015,12,1.0933
2015-12-17,2015,12,1.0841
2015-12-18,2015,12,1.0836
2015-12-21,2015,12,1.087
2015-12-22,2015,12,1.0952
2015-12-23,2015,12,1.0916
2015-12-24,2015,12,1.0947
2015-12-28,2015,12,1.0962
2015-12-29,2015,12,1.0952
2015-12-30,2015,12,1.0926
2015-12-31,2015,12,1.0887